0.6804742813110352|-0.29085057973861694
-0.8528538346290588|-0.1328507661819458
-0.7562583088874817|-0.8715986013412476
-0.49790579080581665|-0.6992886662483215
-1.5364269018173218|-1.4646334648132324
-0.8027467727661133|-1.1501253843307495
-1.0433971881866455|-1.0840855836868286
-1.822353482246399|-2.5081114768981934
-0.9053513407707214|-2.2632551193237305
-1.2556368112564087|-2.362560272216797
-1.2096959352493286|-0.6399432420730591
-0.9570375680923462|-1.7048548460006714
-0.8446754217147827|-1.1861145496368408
-0.6335662603378296|-2.4610865116119385
-0.5624816417694092|-1.6307517290115356
-2.3238816261291504|-0.6213275790214539
-0.8898160457611084|-0.9007806777954102
-0.40087634325027466|-1.5836117267608643
-1.5048961639404297|-1.487166166305542
-1.9772043228149414|-0.9163833856582642
-1.9046595096588135|-1.6765120029449463
-1.306023120880127|-0.20252567529678345
-3.313724994659424|-0.2797445058822632
-2.550386428833008|-0.46301549673080444
-0.6351020932197571|-0.873454213142395
-1.489864706993103|-1.0329813957214355
-1.500814437866211|-1.8900196552276611
-0.27736151218414307|-1.1965268850326538
-1.4591683149337769|-1.2794126272201538
-0.2773950695991516|-1.2261133193969727
-0.5191789865493774|-1.2437220811843872
-0.5046206712722778|-1.6079604625701904
-0.7634458541870117|-0.3701569437980652
-0.7786654233932495|-0.7295100688934326
-0.5952911376953125|-0.790928840637207
-1.2002402544021606|-0.3539170026779175
-1.2682346105575562|-1.2928612232208252
-1.766555905342102|-1.0165692567825317
-1.5031836032867432|-1.1912345886230469
-1.9197771549224854|-0.9494173526763916
-2.1646575927734375|-0.76088547706604
-0.8971768617630005|-1.0702933073043823
-0.9343424439430237|-1.4275323152542114
-1.2620834112167358|-1.2124844789505005
-0.8047995567321777|-1.8357806205749512
-1.0743600130081177|-1.0889813899993896
-0.9916665554046631|-1.3814951181411743
-1.0880268812179565|-1.262020230293274
-1.0590267181396484|-1.2318313121795654
-0.9557797312736511|-1.362738013267517
-1.1689813137054443|-1.585493803024292
-1.7167162895202637|-0.6163561344146729
-1.4410103559494019|-1.493355393409729
-0.9085764288902283|-1.308762550354004
-2.489501953125|-1.411036729812622
-1.0669158697128296|0.623084545135498
0.20888352394104004|-0.7111248970031738
-0.8568427562713623|-1.815342664718628
-1.4475228786468506|-0.9287276864051819
-1.1487419605255127|-1.4818358421325684
-1.020222544670105|-1.3239763975143433
-2.0260024070739746|-1.4112242460250854
-0.9762730002403259|-1.0744389295578003
-1.0822829008102417|-1.3627127408981323
0.4009438753128052|-0.9664394855499268
-0.7713848352432251|-1.2542643547058105
-1.1740789413452148|-1.0186653137207031
-0.7745811939239502|-1.2409462928771973
-0.1232190728187561|-0.6225825548171997
-1.0945401191711426|-0.7092666029930115
-0.1306799054145813|-1.124645471572876
-1.3089333772659302|-1.7269355058670044
-0.4126741290092468|-1.8106012344360352
-1.332633376121521|-1.2346758842468262
-1.8327739238739014|-1.194687008857727
-0.4162067174911499|-1.948972463607788
-0.9822878837585449|-0.9751161932945251
-0.7328579425811768|-1.4308807849884033
-1.2771583795547485|-0.8601071834564209
-0.7592623233795166|-1.0892459154129028
-0.5719661712646484|-0.614732027053833
-2.1695592403411865|-0.7738847732543945
-1.0114965438842773|-1.4585363864898682
-2.5334689617156982|-0.8250887393951416
-2.1580889225006104|-0.36762356758117676
0.5200679302215576|-2.822150230407715
-1.0255488157272339|-1.4819015264511108
-1.1168278455734253|-1.9969592094421387
-0.6836800575256348|-1.7200469970703125
0.6097491979598999|-2.7390427589416504
-1.837181568145752|-0.866981029510498
-2.0435373783111572|-1.0037941932678223
-0.8018783330917358|-1.4604251384735107
1.0289981365203857|-0.8274955749511719
-1.8326754570007324|-2.561642646789551
-0.8942055106163025|-1.4876275062561035
-0.41438913345336914|-1.7869188785552979
-0.5095848441123962|-0.5743612051010132
-1.1471922397613525|-2.313300609588623
-0.7418650388717651|-1.664594292640686
-1.5101107358932495|-0.057576656341552734
0.6877412796020508|-1.2389355897903442
-2.026167869567871|-2.2410173416137695
0.5124740600585938|-0.972022294998169
-0.7289820909500122|-1.4349982738494873
-0.7930746078491211|-1.1784489154815674
-2.3363418579101562|-0.6692934036254883
-0.5721065402030945|-0.887178897857666
1.1514151096343994|-1.525611400604248
-0.9271268844604492|-1.4132397174835205
-0.795234203338623|-0.6036543846130371
-0.6143710613250732|-0.3533472418785095
-1.4065799713134766|-1.005578637123108
-0.7744308114051819|-1.2002016305923462
-1.3431440591812134|-0.9960895776748657
0.011047124862670898|-2.076098918914795
-0.674479603767395|-1.211134672164917
-0.586127758026123|-0.4506409168243408
-0.3907991647720337|-1.8031415939331055
-0.8173240423202515|-2.1136953830718994
0.032662391662597656|-0.9405461549758911
-0.9324498772621155|-0.5768129825592041
-1.8557240962982178|-1.3590567111968994
-1.5672390460968018|-1.1444426774978638
-0.5317981243133545|-2.107478618621826
-0.33988386392593384|-1.3032987117767334
-0.9038601517677307|-1.3786439895629883
-0.8655562400817871|-0.3078371286392212
-0.9353801608085632|-0.4366276264190674
-0.6911454200744629|-1.367851734161377
-0.896212637424469|-0.8732373714447021
-0.7330511808395386|-1.7095823287963867
-2.706050395965576|-2.1473307609558105
0.9034045934677124|-0.5876339077949524
0.12103450298309326|-0.10412663221359253
-1.121505856513977|-1.2475651502609253
-1.101186990737915|-2.0841288566589355
0.4435538053512573|-0.8878234624862671
1.2285065650939941|-2.4514517784118652
-0.3646906614303589|-0.4361269474029541
-0.5650430917739868|0.8700466156005859
-1.8829009532928467|0.08330118656158447
-1.9903614521026611|-0.6126265525817871
0.5574051141738892|-0.25768691301345825
-1.9043028354644775|0.3066035509109497
-0.9240557551383972|-0.9420448541641235
-1.084932565689087|-1.407470941543579
-2.132509469985962|-1.4999678134918213
-2.4761972427368164|-2.478180408477783
-0.9686692357063293|-0.35308295488357544
-0.6350001096725464|-1.2210173606872559
-0.9277135133743286|-1.3264151811599731
-0.7266743183135986|-1.3770434856414795
-2.216491222381592|-1.9619832038879395
0.30343616008758545|-3.537696123123169
-0.4480225443840027|-1.0260494947433472
-0.9651070833206177|-0.8148006796836853
-1.651940107345581|-1.8680782318115234
-0.4458421468734741|-1.280243158340454
-2.035382032394409|-0.6319417953491211
-3.7288687229156494|-0.9280794858932495
-1.249291181564331|0.2805297374725342
-1.3777066469192505|-2.3779773712158203
-0.9411620497703552|-1.530336856842041
-0.4998894929885864|-0.09356033802032471
-0.32527440786361694|-0.5589334964752197
-0.8701216578483582|-1.168880581855774
0.044133663177490234|-0.8876793384552002
-0.3781411051750183|-0.8980906009674072
-0.4427143335342407|-0.2642078995704651
-1.730269432067871|-1.2280932664871216
-2.6775050163269043|-0.5943014025688171
0.18729722499847412|-0.8640702962875366
-2.365145683288574|-2.5931711196899414
-1.9851523637771606|-1.1576571464538574
-1.675686240196228|0.1506251096725464
-1.184053897857666|-2.5476438999176025
-1.1326175928115845|-1.0787203311920166
-0.7960406541824341|-1.5274102687835693
-0.9807413816452026|-1.2995362281799316
-0.5428251624107361|-2.6055917739868164
-1.426249384880066|-1.0907273292541504
-1.0500143766403198|-0.8055835962295532
-2.87510347366333|-2.645869731903076
0.011549115180969238|0.2221277952194214
-1.6193478107452393|-1.254137635231018
-2.9208998680114746|-1.2891348600387573
-0.8379462957382202|-0.2962375283241272
-0.2291221022605896|-1.0812697410583496
-1.0880590677261353|-1.392249584197998
-0.5766264200210571|-0.8588589429855347
-0.21847045421600342|-1.2854374647140503
-0.629106879234314|-1.0223720073699951
-0.5626533031463623|-1.6114912033081055
-0.6622715592384338|0.21989035606384277
-2.4594836235046387|0.02094733715057373
-1.862349271774292|-0.9568045735359192
-1.0375422239303589|-1.640237808227539
-0.6428608894348145|-1.9093562364578247
-0.6207608580589294|-1.4605714082717896
-0.735806941986084|-1.7977688312530518
-0.8128694891929626|-1.8213317394256592
-0.9030753374099731|-1.325234055519104
-1.3061201572418213|-1.372978687286377
0.46287667751312256|-1.6979217529296875
-2.0788421630859375|-1.4636465311050415
-1.4298813343048096|-0.7403956651687622
-1.2498351335525513|-1.5604573488235474
-2.750892162322998|-1.6327135562896729
-2.125899314880371|-1.4127848148345947
0.7150713205337524|-1.2879464626312256
-1.0603511333465576|-1.3585867881774902
-2.1834020614624023|0.0009019374847412109
-1.5564312934875488|-1.077919602394104
-1.1352555751800537|-1.3444898128509521
-0.26404792070388794|-1.4071124792099
-0.41588157415390015|-1.5109562873840332
-1.7788465023040771|-0.807876706123352
-1.0975881814956665|-1.8648256063461304
0.8580325841903687|-0.21584540605545044
-1.173522710800171|0.42047321796417236
-1.7434954643249512|-0.9107511639595032
-0.6903506517410278|-1.5512640476226807
-1.0561412572860718|-0.5424760580062866
-1.2353018522262573|-1.1832597255706787
-0.3098893165588379|-1.7050336599349976
0.4769930839538574|-0.41143321990966797
-0.6491674780845642|-1.1423275470733643
-2.812615394592285|0.2553844451904297
-1.3377776145935059|-0.5709421634674072
-1.3240654468536377|-1.2586750984191895
-0.48545390367507935|-1.2112526893615723
-0.964986264705658|-2.6096410751342773
-0.9646185040473938|-1.0951446294784546
-0.04131603240966797|-1.649742841720581
-1.0591386556625366|-1.4117425680160522
-1.908740520477295|-0.8229324817657471
-0.2202494740486145|-0.7835429906845093
-0.4685437083244324|-0.7738288640975952
-1.0397800207138062|-1.2100943326950073
-0.37574130296707153|-0.9312074184417725
-2.5019125938415527|-0.9696443676948547
-0.8085080981254578|-0.8544212579727173
-1.807915210723877|-0.6881844401359558
-1.0086371898651123|-0.7972187995910645
0.2748703956604004|-0.6491395831108093
-0.5693444013595581|-1.1932116746902466
-1.3697535991668701|-0.5360192060470581
-3.2766363620758057|-0.21570569276809692
-0.8769599795341492|-0.5868297219276428
0.3847064971923828|-2.1956276893615723
-0.5596369504928589|-0.7040173411369324
-2.219721794128418|-1.700439453125
-1.0492583513259888|-2.4942145347595215
-0.5182657837867737|-1.643185019493103
-0.6737210750579834|-1.6215169429779053
-0.6819947957992554|-1.479647159576416
-1.8759791851043701|-0.45412302017211914
-1.072961449623108|-1.3017646074295044
-1.98841392993927|-0.24835187196731567
-1.0603690147399902|-1.161597490310669
-2.640841484069824|-1.222907304763794
-1.7478129863739014|-0.8466352224349976
-2.494947910308838|-0.9639244079589844
0.17720627784729004|-0.9190738201141357
-1.5007445812225342|0.20551860332489014
-1.0831356048583984|-0.5273624062538147
-0.4878719449043274|-0.08828473091125488
-0.7727359533309937|0.4915670156478882
-1.718278169631958|-0.30707335472106934
-0.803688645362854|-1.2026516199111938
-0.9095917344093323|-0.992250919342041
-1.209692358970642|-1.2406927347183228
0.007863998413085938|-0.7343281507492065
-0.5691745281219482|-1.7790720462799072
-1.4739803075790405|-1.6105042695999146
-1.1322672367095947|-0.6581375598907471
-0.24475687742233276|-0.7552347183227539
-1.099821925163269|-1.2366374731063843
-0.4408336877822876|-0.821376383304596
-1.0656360387802124|-0.5346517562866211
-0.5071807503700256|-0.9483761787414551
-1.2002192735671997|-1.0099073648452759
-1.0864214897155762|-1.7060108184814453
0.5238196849822998|-1.0487730503082275
-0.34233319759368896|-1.2175078392028809
-0.44040578603744507|-0.8644193410873413
-0.9408631920814514|-0.5489809513092041
-1.8760461807250977|-0.9440606832504272
-1.5090460777282715|-1.432973861694336
-1.8034186363220215|-1.40957772731781
-2.4084854125976562|-2.0426013469696045
-2.1546239852905273|-0.470988929271698
-0.6280182600021362|-0.4772583246231079
-2.6753578186035156|-0.529403567314148
-0.9952170252799988|-1.8772201538085938
1.2796223163604736|0.015799403190612793
-0.5317519307136536|-1.2525452375411987
-0.07479709386825562|-1.041646957397461
-1.1193352937698364|-0.1685900092124939
-0.05992954969406128|-0.5017693638801575
-2.647575855255127|-1.2285199165344238
-1.400984287261963|-0.7389060854911804
-2.561826229095459|-0.43077653646469116
-0.48217737674713135|-1.854111909866333
-1.8116655349731445|-1.7819098234176636
-0.585624098777771|-1.3124953508377075
-0.6805711984634399|-1.706984043121338
-1.3393568992614746|-0.9426870346069336
0.23709702491760254|-3.568922281265259
-1.2535293102264404|-1.5880964994430542
-1.2207356691360474|-0.8491227030754089
-0.11735951900482178|-0.9664994478225708
-1.014094591140747|-0.13883638381958008
-0.19347405433654785|-0.9336043000221252
-0.16174668073654175|-1.088932991027832
-2.7288155555725098|-1.6998870372772217
-0.1285189390182495|-2.98399019241333
-0.9762254953384399|-1.1488417387008667
-0.5140442848205566|-1.2626004219055176
-0.9164841175079346|-1.8882391452789307
-1.0074474811553955|-1.284206748008728
-1.9047876596450806|-0.983904242515564
-3.9714787006378174|-0.6467045545578003
-0.5043567419052124|-0.9715386033058167
-0.5058440566062927|-0.5441969037055969
-0.8419146537780762|-0.5460044741630554
1.2986464500427246|-1.1516435146331787
0.12981867790222168|-1.5437538623809814
0.36992788314819336|-0.5722841024398804
0.34137916564941406|-1.6974472999572754
-0.49305516481399536|-1.136054515838623
-1.4702274799346924|-0.434720516204834
0.8185548782348633|-0.9172939658164978
-0.6597237586975098|-1.107194423675537
-0.7752670049667358|-0.4539474844932556
-1.325594425201416|-0.007489323616027832
-2.5609147548675537|-1.8420768976211548
-1.2743991613388062|-1.146851897239685
-1.301355004310608|-1.2739527225494385
-0.5061123371124268|-0.32160282135009766
-1.1450681686401367|-0.7907165288925171
-0.2041236162185669|-1.852284550666809
-1.7526637315750122|-0.2895458936691284
-1.9260810613632202|-0.49750763177871704
-1.3156710863113403|-0.5060667395591736
-0.12213385105133057|-2.6587729454040527
-1.5770065784454346|0.6300415992736816
-1.7369650602340698|-2.2307093143463135
-0.5322663187980652|-1.346143364906311
-2.327859401702881|-0.7008267641067505
-1.567382574081421|-0.9206406474113464
-2.747494697570801|-2.103614330291748
-0.7466511726379395|0.008928298950195312
0.08386778831481934|-3.171776533126831
-0.8960685729980469|0.2087925672531128
-0.6512165665626526|-1.2299654483795166
-0.47845637798309326|-1.5538930892944336
-0.12140238285064697|-0.9643993973731995
-0.044188857078552246|-0.18448227643966675
-1.496337652206421|-1.0907859802246094
-1.7680039405822754|-0.876176118850708
-1.9880666732788086|-2.074021100997925
0.46645116806030273|-2.1181790828704834
-2.065673589706421|-2.80092191696167
-0.9207278490066528|-1.08103609085083
-1.7577946186065674|-1.2196950912475586
-0.318878710269928|-0.374885618686676
-2.407662868499756|-1.7220649719238281
-1.2013564109802246|-0.9825621247291565
-1.9553632736206055|1.2073450088500977
-1.0862573385238647|1.3973917961120605
-1.0085010528564453|-1.9687517881393433
-1.634725570678711|-0.8564210534095764
-0.851521909236908|-0.2889452576637268
-1.086646318435669|-1.3513360023498535
-0.36096668243408203|0.06191694736480713
-2.0786781311035156|-0.018551945686340332
0.883980393409729|-1.1764512062072754
-1.6171828508377075|-0.30432069301605225
-2.3351807594299316|-1.610940933227539
-0.39117056131362915|-1.7162827253341675
-1.0702943801879883|-2.490095615386963
-1.410953164100647|1.0735313892364502
-0.9428821802139282|-0.6365092992782593
-1.3693468570709229|-1.6931285858154297
-0.15830689668655396|-0.34571123123168945
-1.1847376823425293|0.11627376079559326
-1.4262866973876953|-0.32393038272857666
-0.05786120891571045|-1.1084136962890625
-0.3818289041519165|-1.8083043098449707
-0.19781094789505005|0.21866178512573242
-1.7773233652114868|1.044210433959961
0.20170259475708008|-1.679063320159912
-0.5697764754295349|-1.4366798400878906
-1.056703805923462|-1.0420141220092773
1.4795763492584229|-0.6491631269454956
-3.28848934173584|0.030974745750427246
-1.2443619966506958|-1.566516399383545
-1.9366180896759033|-1.408340573310852
-1.909004807472229|-0.7625348567962646
-0.9166412353515625|-2.845142364501953
-1.6221998929977417|-1.4360793828964233
-1.6432267427444458|-1.187852144241333
-2.1291980743408203|-1.5556120872497559
-1.732208490371704|-3.1298019886016846
-1.7587859630584717|-1.339553713798523
-1.390367031097412|-1.6026387214660645
-0.46522295475006104|-2.0198724269866943
-2.369213104248047|-0.6716689467430115
-0.726442813873291|-0.5888135433197021
1.252249002456665|-0.09517091512680054
-3.127244472503662|-1.5574462413787842
-0.4288439154624939|-0.9938026070594788
-0.409826397895813|-1.6983771324157715
-1.4227710962295532|-1.0040374994277954
-0.8935751914978027|-0.7012608051300049
-1.3829865455627441|-1.8194552659988403
-0.040410518646240234|0.0016099214553833008
-1.8405277729034424|-2.5906429290771484
-1.7442930936813354|-1.1559792757034302
-1.4132397174835205|-0.8501965999603271
-1.8187897205352783|-1.438640832901001
-0.316744327545166|-1.0410759449005127
-1.4514710903167725|-0.7815734148025513
0.9138880968093872|-0.9399569034576416
-0.27196210622787476|-1.5851426124572754
-1.0391366481781006|-2.1396050453186035
-0.6697760820388794|-0.8625206351280212
-0.22626787424087524|-1.1461400985717773
-1.1010942459106445|-0.0019011497497558594
-0.2585011124610901|0.4756091833114624
-3.097407817840576|-1.0055679082870483
-2.1543445587158203|-1.0398937463760376
-0.520442545413971|-1.6315662860870361
-1.456154465675354|-2.828404426574707
-1.0292799472808838|-0.8920691609382629
-0.30858540534973145|-0.4193766117095947
0.8506556749343872|-0.05811047554016113
-1.031761884689331|-0.6203352212905884
0.12436902523040771|-2.603430986404419
-0.7167384624481201|-1.2049221992492676
-1.2936259508132935|-0.4821343421936035
-0.7016863226890564|-0.9567397832870483
-0.44364798069000244|-1.493206262588501
-2.665876865386963|-0.18991196155548096
-0.8535187244415283|-0.31287795305252075
-0.43285006284713745|-1.5171325206756592
-0.23086369037628174|-0.24123620986938477
-0.14581865072250366|-0.6831291317939758
-0.596269965171814|-0.4574738144874573
-0.6848939657211304|-0.24690860509872437
-0.8187193870544434|-1.7785210609436035
0.26814889907836914|-0.41457599401474
-1.8678581714630127|-2.1047258377075195
-1.3322383165359497|-1.8799549341201782
-0.8506470918655396|-0.5300697088241577
0.41391241550445557|-0.5794585943222046
-1.2260160446166992|-0.9035035967826843
-1.1715893745422363|-1.3336836099624634
-1.8665196895599365|-0.583869457244873
-1.1517443656921387|-1.061225414276123
-0.9523842930793762|-1.2890979051589966
-2.8485825061798096|-0.31610673666000366
-1.8718823194503784|-0.5172445774078369
-2.0738649368286133|0.13369321823120117
-1.3612914085388184|-0.817034125328064
-1.438012957572937|-2.04636287689209
0.5934646129608154|-2.034609794616699
-1.2725125551223755|-0.8157064914703369
0.47148215770721436|-0.08550846576690674
-1.5792077779769897|-0.8908883929252625
-0.5576396584510803|-1.6220648288726807
-0.5243937969207764|-0.5430431365966797
-1.406663179397583|-1.8848083019256592
-0.7207953333854675|-1.7906770706176758
-2.0231964588165283|-1.0992963314056396
-1.5774012804031372|-2.387669801712036
-0.43402665853500366|-1.0795612335205078
-4.457852363586426|-0.17505604028701782
-0.13503026962280273|-1.7653019428253174
-2.469041347503662|-1.375994324684143
-1.6507999897003174|-1.485492467880249
-0.8382769823074341|-1.1376829147338867
-0.9395965337753296|-0.753292441368103
-0.8100681900978088|-0.6791337728500366
-2.086073875427246|-0.8072441816329956
-1.2067968845367432|-0.1168363094329834
-0.3726503849029541|0.06787896156311035
-0.8631871938705444|-0.2656857967376709
-0.12522679567337036|-2.470916986465454
-0.642953634262085|-1.3629542589187622
-0.5637434720993042|-1.9077727794647217
-0.460976779460907|-1.635054588317871
-1.1985011100769043|0.7898193597793579
-1.6588292121887207|-0.23147475719451904
-0.08837807178497314|-1.3824489116668701
-0.7271507978439331|0.3332134485244751
-0.8182779550552368|-0.29559922218322754
-3.156815767288208|-2.4888195991516113
-1.4301221370697021|-0.021147489547729492
-2.246048927307129|-0.21039235591888428
0.820431113243103|0.873620867729187
0.9038538932800293|-1.7548012733459473
-2.1953048706054688|-0.08835572004318237
-2.0000734329223633|-1.8694956302642822
-0.14431989192962646|-0.8364651203155518
-1.6807860136032104|-2.3230133056640625
-0.3773335814476013|-2.019260883331299
-0.957000195980072|-1.6364927291870117
-0.8232112526893616|-1.1074126958847046
-1.300641655921936|-0.9886492490768433
0.11705195903778076|-0.7180085778236389
-1.6167900562286377|-1.6407380104064941
-1.9873526096343994|-1.4702682495117188
-0.7174490690231323|0.19073641300201416
-1.7117111682891846|-1.7113523483276367
-0.8493751287460327|-0.565131664276123
0.1930912733078003|-0.4591944217681885
-2.54750919342041|-0.7921414375305176
-2.4085381031036377|-1.2913854122161865
-2.899930477142334|-1.2990245819091797
-1.8795280456542969|-0.8918319940567017
-1.2656468152999878|0.6858429908752441
-0.3451305031776428|-1.2575302124023438
0.13040077686309814|-0.5007491111755371
-1.0977180004119873|-2.2721517086029053
-1.6645429134368896|-1.0286719799041748
-1.6785061359405518|-1.1715198755264282
-0.18026882410049438|-2.1954894065856934
-2.1313247680664062|-0.5269966125488281
-1.3209151029586792|-1.4232009649276733
-0.6550421118736267|-1.9580028057098389
-1.23097825050354|-1.1750808954238892
-0.8749116063117981|-0.897179365158081
-1.8516393899917603|-0.5782482028007507
-1.088990569114685|-1.504225730895996
-1.0182384252548218|-1.3253443241119385
-0.4146724343299866|-1.0765184164047241
-0.38102221488952637|0.6508017778396606
-0.14853578805923462|-1.325641393661499
-0.7969479560852051|-1.1970701217651367
-1.780052900314331|-1.0074859857559204
-2.0027081966400146|0.1339259147644043
-2.4115288257598877|-1.1835424900054932
-1.5126383304595947|-1.0999560356140137
-1.4685920476913452|-0.6386139988899231
-0.672927975654602|-1.7992501258850098
0.048603057861328125|-3.406024217605591
-1.9734796285629272|-0.6251097917556763
-1.152563214302063|-2.383488178253174
-1.1628159284591675|-1.3910136222839355
-1.2737514972686768|-0.5437720417976379
-0.4818810224533081|-0.3440238833427429
-2.2454700469970703|-0.9410229921340942
-0.09087085723876953|-2.259984254837036
-1.138344168663025|-1.8138113021850586
-0.940170168876648|-1.3995589017868042
-0.9971690773963928|-1.2379813194274902
-0.9271968007087708|-0.8941591382026672
0.6892317533493042|-1.479733943939209
-1.3471159934997559|-1.0537399053573608
-0.3758162260055542|-1.2456666231155396
-1.0311577320098877|-1.4276313781738281
-0.6003816723823547|-0.4820716977119446
-0.7912641763687134|-1.4467222690582275
-2.201019048690796|-0.49355512857437134
-0.45645594596862793|-1.3844250440597534
-0.39813315868377686|-1.3081512451171875
-0.21155184507369995|-0.9906481504440308
-0.36747366189956665|-3.0290188789367676
-0.19563394784927368|-0.3655887842178345
-1.1032936573028564|-1.0446534156799316
-0.9792706966400146|-0.9509289264678955
-0.8083372712135315|-1.2675416469573975
-2.667231559753418|-1.6687023639678955
-2.4795961380004883|-0.3841228485107422
-0.9269004464149475|-1.0913130044937134
0.472995400428772|-0.4881874918937683
-1.1190236806869507|-1.4704155921936035
-0.025523781776428223|0.2012876272201538
-1.2087929248809814|-1.3792695999145508
-2.4619932174682617|-1.1150606870651245
-0.23175090551376343|-1.8369697332382202
-0.8907394409179688|-1.3676120042800903
-1.2746496200561523|-1.908351182937622
-0.37774425745010376|-1.440956473350525
-1.6641162633895874|-0.409484326839447
-1.9689866304397583|-1.3910069465637207
-1.9570435285568237|-1.0493332147598267
-0.5746623277664185|-1.9745879173278809
-0.7866191864013672|-1.0279908180236816
-0.44034457206726074|-1.3962552547454834
-1.3414757251739502|0.44891583919525146
-2.647315502166748|-1.323664903640747
-1.3484983444213867|-1.1935948133468628
-1.190429449081421|0.027525901794433594
-0.9445515275001526|-2.4967517852783203
-1.0439412593841553|-2.389319658279419
-1.436061978340149|-1.1073611974716187
-0.966382622718811|-0.6932504773139954
-0.6997244358062744|0.45969605445861816
0.3691110610961914|-0.8448007702827454
-0.8276670575141907|-1.0827665328979492
-1.0177682638168335|-1.805525302886963
-1.3363425731658936|-0.2902222275733948
-2.5303759574890137|-1.9865193367004395
0.41045618057250977|-1.454034686088562
-1.3871781826019287|-1.3498005867004395
-2.1887378692626953|-1.3348524570465088
-0.926663339138031|-0.9601845145225525
-2.05491304397583|-1.196156620979309
-1.1561824083328247|-1.2370522022247314
-1.3012362718582153|-0.7090786695480347
-0.4558272361755371|-1.5913472175598145
-0.997308075428009|-1.1476553678512573
-0.38950181007385254|-0.26716148853302
-2.4093470573425293|-0.9843637347221375
-1.6567156314849854|-2.2715296745300293
-1.1692992448806763|-1.2744120359420776
0.72540283203125|-2.282937526702881
-1.3398456573486328|-0.7060549259185791
-0.8586510419845581|-1.9236187934875488
-1.3729380369186401|-1.2531214952468872
-1.2464230060577393|-0.36476457118988037
-1.1855816841125488|-0.30442118644714355
-0.802556574344635|-1.3263593912124634
-1.6234896183013916|-2.1258373260498047
-1.3173733949661255|0.7022285461425781
-0.06774085760116577|-1.1837795972824097
-1.458160161972046|-1.0223710536956787
-0.7681907415390015|-2.2323079109191895
-1.2771748304367065|-2.5654635429382324
-0.422939658164978|-0.4654531478881836
-2.4457645416259766|0.05774641036987305
-0.14088308811187744|-1.3426873683929443
-0.9795859456062317|-2.955993175506592
-2.542161703109741|-1.045154333114624
-0.5311574339866638|-1.7242470979690552
-0.726361870765686|-0.9877153635025024
-0.5900111198425293|0.39511871337890625
-2.282787799835205|0.6610236167907715
-1.2730833292007446|-1.9459655284881592
-1.9499807357788086|-1.6619452238082886
-0.9238588213920593|-1.0117077827453613
-0.41460514068603516|-0.9539173245429993
-0.0008455514907836914|-1.2967629432678223
-0.2899535298347473|0.16199707984924316
-2.5035593509674072|-0.17283183336257935
-0.9443855285644531|0.2625948190689087
-1.0206797122955322|-1.3158153295516968
-0.8846904635429382|-0.004210948944091797
-0.7559017539024353|-1.4315348863601685
-1.8905951976776123|-1.4127287864685059
-0.7584218978881836|-2.3702971935272217
-0.9341845512390137|-1.6322484016418457
-0.20751547813415527|-2.083634376525879
0.17584264278411865|-0.7297395467758179
-0.6387450098991394|-0.8315331935882568
1.3522591590881348|-1.0534472465515137
-1.9959282875061035|-1.0111199617385864
-1.3892011642456055|-0.02024686336517334
-0.9067564010620117|-1.1889328956604004
-1.4083815813064575|-1.129590392112732
-1.1722311973571777|-1.3741683959960938
-0.8018549084663391|-0.5629485249519348
-1.3883092403411865|-0.1670079231262207
-1.9322457313537598|-1.1987371444702148
-0.48038601875305176|-1.5134761333465576
-0.5773881673812866|-1.4834678173065186
-0.14352917671203613|-0.5347573161125183
-1.3106263875961304|-1.6332849264144897
-3.0568902492523193|0.0018783807754516602
-0.3458101153373718|-1.341387152671814
-1.4228394031524658|-0.3880055546760559
-0.5063174366950989|-1.5865874290466309
-1.6269980669021606|-0.10101467370986938
-0.2357618808746338|0.1173926591873169
-1.5578054189682007|-0.7351233959197998
-0.9913497567176819|0.050994277000427246
-1.6157114505767822|-1.0394182205200195
-1.7977573871612549|0.0995643138885498
-1.472966194152832|-1.1296758651733398
-1.7401025295257568|-0.05483675003051758
-2.807678699493408|-0.8062325716018677
-1.5320035219192505|-0.628541886806488
-1.067995548248291|-0.4877466559410095
-2.3451552391052246|0.07938623428344727
-2.2013943195343018|0.32147789001464844
-1.0877289772033691|-1.9567251205444336
-1.755165934562683|-1.097280502319336
-0.038884758949279785|-1.829833984375
-1.161820650100708|-2.2068634033203125
-2.032986879348755|-3.6606876850128174
-0.9738324880599976|-1.8626275062561035
-1.8644591569900513|-0.7102915048599243
-0.6229653358459473|-0.16890543699264526
-2.5085105895996094|-0.18037152290344238
-0.8390902280807495|-0.9108117818832397
-0.9319862127304077|-1.039584994316101
-1.0910433530807495|-0.09154963493347168
-0.82049560546875|-1.5728952884674072
-0.9249423742294312|-0.1919683814048767
-1.4512054920196533|0.3089592456817627
0.49301981925964355|-0.39014124870300293
-0.15537786483764648|-1.6471868753433228
-1.9043545722961426|-0.008018136024475098
-1.5844478607177734|-1.073204517364502
-2.0042104721069336|-0.4903550148010254
0.8072116374969482|-1.6913083791732788
-2.561917543411255|-1.369877815246582
-0.006048798561096191|-0.37005776166915894
-1.693345069885254|-1.6819407939910889
0.2431396245956421|-0.9470446705818176
-1.8052282333374023|-1.5196820497512817
-0.3615703582763672|0.27663958072662354
-0.5451826453208923|-2.204063892364502
-1.3376785516738892|-1.577366828918457
-3.7239363193511963|-0.15598773956298828
-1.3917710781097412|-2.316345691680908
-2.0255589485168457|0.6066031455993652
-0.7003844976425171|-2.7256295680999756
-0.9741565585136414|-1.5461187362670898
-0.9445258378982544|-1.251091480255127
-0.33256077766418457|-0.9082920551300049
-1.662336826324463|-0.7766430377960205
-2.4351541996002197|0.17580950260162354
-0.925593912601471|-1.3748779296875
0.5981208086013794|-1.3248883485794067
-1.700204610824585|-1.1346763372421265
-0.9901869893074036|-0.7987185716629028
-2.1007142066955566|-1.1042131185531616
-2.0434536933898926|-0.8971905708312988
-2.9609463214874268|-0.49443143606185913
-0.944016695022583|-1.4916625022888184
-0.8549560904502869|-2.1106057167053223
-1.077406406402588|0.0519031286239624
-0.16639268398284912|-0.17061573266983032
-0.7104645371437073|-0.2172459363937378
-2.1489815711975098|-1.190286636352539
-1.438555359840393|-2.4333043098449707
-1.5032271146774292|-0.9645743370056152
-1.3100032806396484|-0.16956579685211182
-1.4103186130523682|-2.001164674758911
-0.9924569129943848|-1.9259490966796875
-0.9646099805831909|-0.9440235495567322
0.2012794017791748|-0.4716493487358093
-2.4333386421203613|-1.238376259803772
-0.578323245048523|-1.7156543731689453
-0.16426295042037964|-2.1963257789611816
0.7336747646331787|-0.26105672121047974
-0.4310508370399475|-1.8115184307098389
-1.005045771598816|-1.109529972076416
-0.12265855073928833|-1.30810546875
-1.937214970588684|-1.2590398788452148
-0.7814651727676392|-0.7866009473800659
-0.7993477582931519|-1.8667855262756348
-0.5114116668701172|0.0002442598342895508
-1.1293566226959229|-0.9746612310409546
-0.40229135751724243|-0.693331241607666
-0.9876211881637573|-4.104617118835449
-1.0124876499176025|-0.2982534170150757
0.8979922533035278|-2.0340776443481445
-1.1204383373260498|-0.03920722007751465
-2.284532308578491|-0.9593130946159363
0.6959130764007568|-1.8306498527526855
-0.3603667616844177|-0.5009516477584839
0.15017902851104736|-2.873830795288086
-1.005173683166504|-0.30999261140823364
-1.9134314060211182|0.04611170291900635
-0.10913693904876709|-0.7554553747177124
-0.9519279599189758|-0.2948341369628906
0.6525280475616455|-1.4297816753387451
1.174093246459961|-1.7197269201278687
-0.12448763847351074|-2.736086845397949
-1.2091705799102783|-1.6287152767181396
-0.499631404876709|-0.41242527961730957
0.8915492296218872|-2.28163743019104
-1.4886772632598877|-0.7968598008155823
-1.874833106994629|-0.16939103603363037
-1.7147274017333984|-1.367866039276123
-1.2050421237945557|-2.672149419784546
-1.1306408643722534|-1.1703275442123413
-2.1677029132843018|-2.1324260234832764
-1.3757328987121582|-1.223568320274353
-0.5198884010314941|-2.0564022064208984
-1.1847409009933472|-0.6460241675376892
-1.2228672504425049|-1.0162086486816406
-0.4728047847747803|-0.06370401382446289
-0.5493080615997314|-0.34679388999938965
-0.2753848433494568|-2.6105008125305176
-2.6014244556427|-0.8574278950691223
-2.124241590499878|-0.9803474545478821
-1.5302472114562988|-0.66669762134552
-0.8172576427459717|-0.5839032530784607
-1.3898802995681763|-0.36023348569869995
-2.402527332305908|-1.3432103395462036
-0.7465486526489258|-0.3464600443840027
-1.7008459568023682|-0.31427228450775146
-0.9526857137680054|-2.768874168395996
-2.1509227752685547|0.6340192556381226
-0.7904609441757202|-1.9464411735534668
-1.4136793613433838|-0.5784488916397095
-1.1645193099975586|-1.012658715248108
0.7776615619659424|-0.4024500846862793
-1.4293018579483032|-2.430879592895508
-0.01630258560180664|-0.7378698587417603
-0.8233972787857056|-1.015916347503662
-1.5235233306884766|-1.871244192123413
-0.6092548370361328|-1.255845546722412
-0.47724878787994385|-0.3804275393486023
-1.2997609376907349|-2.9289603233337402
-1.4128841161727905|-1.6673550605773926
-0.5888625383377075|-0.6320647597312927
-2.290919780731201|-2.832901954650879
-0.9322734475135803|-1.235920786857605
-1.2937794923782349|-0.7825945615768433
-0.5886507034301758|-0.4807015061378479
-0.8994727730751038|-1.18818998336792
-0.2871055006980896|-2.0361146926879883
-0.00045168399810791016|-0.9885217547416687
-0.7555135488510132|-1.7376058101654053
0.25611042976379395|-2.818974494934082
-0.6130857467651367|-1.3285504579544067
-2.137997627258301|0.42463672161102295
-1.0127341747283936|-1.8100762367248535
-0.6777911186218262|-1.1361443996429443
-1.1285479068756104|-1.406247615814209
-0.020839452743530273|-1.8546359539031982
0.11910998821258545|-2.3730602264404297
-2.544156312942505|-1.3382267951965332
-0.9462303519248962|-1.7063241004943848
-0.10179287195205688|-1.9900575876235962
-0.5761896967887878|-1.3661237955093384
-1.093376874923706|-1.043312668800354
-0.11740505695343018|-1.6039888858795166
-1.720800518989563|-2.4239859580993652
0.4041566848754883|-1.7542881965637207
-0.10059911012649536|-1.426866888999939
-0.726772665977478|-1.06449294090271
-3.8853509426116943|-1.1441997289657593
-2.045799732208252|-1.8627870082855225
-0.5211060047149658|-0.14583688974380493
-0.7641245722770691|-1.411541223526001
-1.0775232315063477|-0.4949721097946167
-1.142809271812439|-0.9774142503738403
-1.3995006084442139|-1.6762213706970215
0.1512211561203003|0.27273404598236084
-1.249097228050232|-0.5393254160881042
0.9012619256973267|-1.845759391784668
-1.2027807235717773|-1.058068871498108
-0.09282118082046509|1.0107018947601318
-1.209228277206421|-1.6195828914642334
-1.2763177156448364|0.320370078086853
-1.5696172714233398|-0.7482415437698364
-0.913341760635376|-0.9902446269989014
-1.8710172176361084|-1.080718755722046
-1.0972169637680054|-1.506388783454895
-0.6431140899658203|-2.1615800857543945
-1.9896214008331299|0.19520771503448486
-1.1002826690673828|-0.533771812915802
0.8307671546936035|-0.31062614917755127
-2.245189666748047|-1.156758427619934
-0.8154516220092773|-1.563814401626587
0.23887741565704346|-1.9440315961837769
0.2162489891052246|-0.3130861520767212
-0.480152428150177|1.115339756011963
-1.2291650772094727|-1.8337594270706177
-3.2517714500427246|-2.2509191036224365
-1.0479320287704468|-0.809629499912262
-0.4537860155105591|-0.792120635509491
-2.265265464782715|-1.1565693616867065
-1.47909414768219|-1.2104825973510742
-1.1205646991729736|-0.10598456859588623
-0.9378120303153992|-1.448268175125122
-2.162053108215332|-0.5638526678085327
-1.4819918870925903|-0.812832772731781
-1.4406108856201172|-0.6235069036483765
-0.46671366691589355|0.18568754196166992
-0.7189184427261353|-0.5175705552101135
-1.1386070251464844|-0.5583279132843018
-0.6804926991462708|-1.100494384765625
-0.4358876347541809|-1.857210636138916
-1.5522480010986328|0.10870552062988281
-0.7748134136199951|-1.3912783861160278
0.2828935384750366|-0.8754867315292358
-0.6613556742668152|-0.9925228357315063
-1.7747325897216797|-1.1623990535736084
-0.7988359928131104|-1.2756171226501465
-1.0710738897323608|-1.5781327486038208
-0.871475338935852|-0.7425664663314819
-0.35799485445022583|-1.3784215450286865
-1.7477357387542725|-1.2513246536254883
1.056734561920166|-1.8511452674865723
-2.1671881675720215|-1.9965978860855103
-0.3379110097885132|-1.4992995262145996
-1.0306506156921387|-2.222825527191162
-3.1453044414520264|0.8109534978866577
-2.712104320526123|-0.8205786943435669
-1.1210441589355469|0.5655118227005005
-1.4108141660690308|-1.697553038597107
-1.227675199508667|-3.267353057861328
-1.3746579885482788|-1.6039307117462158
-3.5991570949554443|-0.04553413391113281
0.6631088256835938|-0.7701438665390015
-0.9485734105110168|-0.8259710073471069
-1.2681719064712524|-0.5777778625488281
-1.8210766315460205|0.13244080543518066
-0.6328752636909485|-0.3357863426208496
-2.0384984016418457|-0.409700870513916
-0.5888296961784363|-1.5237444639205933
-1.2693029642105103|-0.851017951965332
-2.117445945739746|0.7476485967636108
0.07574188709259033|-2.3942952156066895
-0.8081105947494507|-1.5258736610412598
-0.8769384622573853|0.09487044811248779
-0.4176119565963745|-3.0679056644439697
-0.6458312273025513|-1.493961215019226
-0.33405476808547974|-0.4493873119354248
-1.3097435235977173|-2.8552966117858887
-3.1264913082122803|-0.41031670570373535
0.7157542705535889|-0.5198410749435425
-0.9588168263435364|-0.2713218927383423
-0.1593121886253357|-0.009258627891540527
-1.0071866512298584|-1.0408600568771362
-0.8565076589584351|-0.09907925128936768
-1.5077478885650635|-0.286094605922699
-1.8394567966461182|-0.2836020588874817
-0.10204839706420898|-1.8812819719314575
-0.8556516170501709|-1.1052125692367554
-0.838513970375061|-1.791556715965271
-1.6654243469238281|-1.5709850788116455
-0.7990157008171082|-1.6057121753692627
-0.6830477714538574|-1.2373383045196533
-1.1414217948913574|-0.9917470216751099
0.7001363039016724|-1.667083501815796
-1.7095961570739746|-2.7992310523986816
-2.067636489868164|-0.9780884385108948
0.6605991125106812|0.6236311197280884
-0.7848294377326965|-1.7798919677734375
-0.825465738773346|0.7198195457458496
-0.37240880727767944|-0.957236647605896
-1.0204908847808838|-3.93088698387146
-0.3731492757797241|-0.8429305553436279
-1.5715546607971191|-1.1226168870925903
-2.836928367614746|0.6966533660888672
-1.6433110237121582|-0.7718988656997681
0.10857629776000977|-2.875796318054199
-1.711910367012024|0.4060986042022705
-0.17602545022964478|0.1884993314743042
-0.6627089977264404|-1.6210148334503174
-1.7608211040496826|-1.2359861135482788
-1.847388744354248|-2.309415340423584
-1.4316930770874023|-0.49721091985702515
-2.085691213607788|0.8604730367660522
0.38941121101379395|-1.1996865272521973
-0.8509174585342407|-2.0172929763793945
-1.2941211462020874|-1.0350542068481445
0.7164843082427979|-0.7567941546440125
-1.3662554025650024|-1.529496192932129
-1.3850263357162476|-1.6808319091796875
0.10381710529327393|-1.6984455585479736
-1.19713294506073|0.5529927015304565
-3.172821283340454|-0.857604444026947
0.20000767707824707|-1.845292329788208
0.8595540523529053|-1.4525936841964722
-0.4450908303260803|-2.0237135887145996
-2.582124710083008|-1.3221375942230225
0.1852494478225708|-0.3985164761543274
-1.163446068763733|-1.7373791933059692
-1.535099744796753|-0.029579520225524902
-0.23670387268066406|-1.1006568670272827
-0.0939788818359375|-2.714521646499634
-1.304852843284607|-0.441516637802124
-0.7786663770675659|-1.1229783296585083
-0.8240767121315002|-0.5913995504379272
-0.8470796346664429|-1.5951123237609863
-0.4435597062110901|-1.246489405632019
-0.04143500328063965|-0.5357259511947632
0.5054303407669067|-1.9873557090759277
-1.1206049919128418|-1.1003034114837646
-1.63767671585083|-1.4664757251739502
-0.669925332069397|-0.9687621593475342
-1.7806391716003418|-1.8813233375549316
-1.388047695159912|-1.734580159187317
-2.5601117610931396|-0.3215717077255249
-1.1999439001083374|-1.9691358804702759
-1.2413867712020874|-0.9204173684120178
-1.9307500123977661|-2.20703387260437
-1.3292208909988403|0.39568638801574707
-1.1845762729644775|-0.0931444764137268
-0.7993040084838867|-0.4617406725883484
-1.1192349195480347|-0.8255004286766052
-1.1957283020019531|0.14641928672790527
-0.46599507331848145|-0.6194843053817749
-3.845902442932129|0.562300443649292
-1.5612486600875854|-1.9726412296295166
-1.1330457925796509|-1.812812328338623
-1.1531702280044556|-1.5541455745697021
-0.6202157735824585|-0.7845580577850342
-1.2111449241638184|-1.6180073022842407
-1.7339855432510376|-1.9549061059951782
-1.460126519203186|-0.03607523441314697
-1.0179948806762695|-1.5725356340408325
-0.6315486431121826|-0.05669867992401123
-1.3562315702438354|-1.6775144338607788
-0.1597435474395752|0.02855849266052246
-0.7975035309791565|-1.0998857021331787
-0.2705897092819214|-0.6990331411361694
-2.17205810546875|-1.0287386178970337
-1.0019502639770508|-0.5347548127174377
-1.2349698543548584|-0.5525203347206116
-1.3577497005462646|-2.729923725128174
-1.8951537609100342|-1.7237575054168701
-1.7821948528289795|-1.218495488166809
-2.3188533782958984|-0.6704187989234924
-1.058834433555603|-1.4845420122146606
-1.0991032123565674|-1.8423007726669312
-2.036346912384033|-1.4985358715057373
-1.1771025657653809|-2.3561534881591797
-0.5603532791137695|-1.9907186031341553
-0.5930585265159607|-0.4591372013092041
-0.20058810710906982|-1.6269012689590454
-0.7921692132949829|-0.10086017847061157
0.8961328268051147|-0.6667145490646362
-2.673314094543457|-0.20020687580108643
0.7153900861740112|-0.8473743796348572
-1.0103448629379272|-0.5530827641487122
-0.971329391002655|-0.12830954790115356
-0.19774311780929565|-0.6636924743652344
-0.5133630037307739|-1.4644092321395874
-0.8867577314376831|-1.6761255264282227
-1.1031447649002075|-2.7777371406555176
-3.029644012451172|-0.3929293155670166
-1.1897996664047241|-0.9588052034378052
-2.36147403717041|-1.9217462539672852
-2.15293025970459|-0.7585654258728027
-1.8404031991958618|-1.2885892391204834
-1.009056806564331|0.8877986669540405
-0.4024292826652527|-1.8988478183746338
-3.773084878921509|-0.28181469440460205
-1.6884557008743286|-2.295085906982422
-1.5064736604690552|-1.9660059213638306
-0.618565022945404|-0.43695592880249023
-2.6705784797668457|-2.003337860107422
-2.250802516937256|-2.2244722843170166
-0.38287460803985596|-2.5478427410125732
-1.3143399953842163|-0.9390074610710144
-0.27569836378097534|-0.8690711259841919
-0.8300155401229858|-0.5927428007125854
-0.3156242370605469|-1.6928932666778564
-0.6784590482711792|-1.1361627578735352
-0.7435847520828247|0.1573876142501831
-1.982109546661377|-0.8596978187561035
-1.1149200201034546|-1.2066419124603271
-1.7819042205810547|-0.6821330189704895
-1.0987284183502197|-0.9281193614006042
-1.1971501111984253|-0.4899107813835144
-1.4973233938217163|-0.745876669883728
-0.7647914886474609|0.44606220722198486
-1.3939661979675293|-0.3056403398513794
-1.2727011442184448|-0.7603693008422852
-2.0044240951538086|-0.6258324384689331
-0.8077361583709717|-1.2524456977844238
-1.585181474685669|-1.2824382781982422
-1.8823833465576172|-1.1657323837280273
-0.3778277635574341|-1.5336893796920776
-0.21488749980926514|-0.18859714269638062
-0.3494282364845276|-2.472395420074463
-1.7847075462341309|-0.5947468280792236
-1.3597675561904907|-1.2594940662384033
-1.1799736022949219|-2.8796586990356445
-0.11505693197250366|-1.2903121709823608
-1.1620354652404785|-0.7519339919090271
-0.32463645935058594|-0.8262711763381958
-1.0395734310150146|-1.058946967124939
-1.8069028854370117|-0.9318837523460388
-0.2867280840873718|-0.5176056623458862
-2.221773386001587|-0.5700762271881104
-0.7984114289283752|-0.9544726610183716
-1.8924906253814697|-0.9379150867462158
-1.617042064666748|-0.7979830503463745
-0.7441518902778625|-0.26341772079467773
-0.9384251832962036|-1.5913660526275635
-1.5207486152648926|-2.66115140914917
0.38807547092437744|-0.4088008403778076
-0.9973031282424927|-1.1745965480804443
0.6261985301971436|-0.7862461805343628
-0.15665143728256226|-3.5408709049224854
-0.6444768905639648|-1.065277099609375
-0.9851324558258057|0.3338301181793213
-1.1195018291473389|-0.7522525787353516
0.12397480010986328|-1.6825724840164185
-0.8577733039855957|-0.9797419309616089
-1.6942737102508545|-1.6212327480316162
-0.746414840221405|-1.4125847816467285
-1.9468506574630737|-0.4171867370605469
-1.622055172920227|-0.44199633598327637
-0.857119619846344|-1.3629300594329834
-0.8118458390235901|-0.16260403394699097
-0.707277238368988|-1.0806658267974854
0.17760896682739258|-0.2923277020454407
-0.5384016633033752|-0.31099921464920044
-0.7346134185791016|-1.3432376384735107
0.14185941219329834|-1.6353607177734375
-2.0762298107147217|-0.580013632774353
-2.132082939147949|-0.869827151298523
-0.6078300476074219|-2.35672664642334
-1.431180477142334|-1.434667706489563
-1.91630220413208|-1.162974238395691
-1.5837193727493286|-1.0332529544830322
-1.123967170715332|-0.29094016551971436
-2.549668073654175|-2.2931172847747803
-1.3964787721633911|-0.6092007756233215
-2.0251731872558594|-1.50224769115448
-1.10028076171875|-0.8400497436523438
-1.0586360692977905|-0.6037287712097168
-1.3299001455307007|-0.5305834412574768
-0.7996929287910461|-2.4754366874694824
-2.0787668228149414|-0.10294157266616821
-0.9720569252967834|-1.3853816986083984
-0.9895812273025513|-0.9291397333145142
-3.321880340576172|0.5880839824676514
-0.2081877589225769|1.3088395595550537
-2.053603410720825|-2.011449098587036
-1.6993063688278198|-0.08515119552612305
-2.0572283267974854|-0.5502451658248901
-1.215932011604309|-0.236910879611969
-0.17894071340560913|0.38126933574676514
-0.04625296592712402|-0.6017394065856934
-1.3803024291992188|-2.4350876808166504
-0.479347288608551|-1.858292579650879
-1.885194182395935|-0.7335218787193298
0.02094268798828125|0.22507143020629883
-1.853086233139038|-0.679078221321106
-1.4450148344039917|-1.7497655153274536
-1.6015698909759521|-0.14901816844940186
-0.28894495964050293|-0.2714020013809204
-1.370129942893982|-1.057985782623291
-2.3166630268096924|-0.14291167259216309
-1.6202340126037598|-0.5010355710983276
0.4151996374130249|-2.9965851306915283
-1.2907507419586182|-1.2717069387435913
-0.3510279655456543|-0.8348121047019958
-1.578869342803955|-1.4020447731018066
-1.1449109315872192|-1.4380632638931274
-0.9362947344779968|-2.276681423187256
-1.7087128162384033|-1.01964271068573
-2.718961238861084|-0.7895296216011047
-0.09856224060058594|-2.840839385986328
-1.0460551977157593|0.38769543170928955
-0.8591038584709167|-2.078955888748169
-1.1800960302352905|-0.6430047750473022
-1.231174349784851|-1.0687885284423828
-0.31114673614501953|-2.973316192626953
-1.1609655618667603|-0.01843118667602539
-0.0997498631477356|-1.881070613861084
-0.8197159767150879|-1.5043683052062988
-1.2281789779663086|-0.6282979249954224
-0.6213359832763672|-0.5248292684555054
-0.2407512664794922|1.4910807609558105
-0.6986247897148132|-1.3262286186218262
-1.3285883665084839|-2.175785541534424
-0.6985294222831726|-2.4123003482818604
-1.0377800464630127|-0.7905066013336182
-1.9657537937164307|-0.8517088890075684
-2.108173370361328|-0.4177454113960266
-2.3416659832000732|0.17920637130737305
-1.9885789155960083|-1.103121042251587
0.1388798952102661|-1.0865477323532104
-0.8450602293014526|-1.4044382572174072
-1.4313632249832153|-0.5052174925804138
-1.4268357753753662|-0.8595905303955078
-1.404553771018982|-1.0034652948379517
-1.7101080417633057|-1.0187435150146484
-0.8424810171127319|-1.4375357627868652
-1.2949693202972412|-1.5398998260498047
-2.1715312004089355|-1.2828096151351929
-1.8389427661895752|-1.4924938678741455
-0.2807368040084839|-2.0692694187164307
-2.929037570953369|-0.32531946897506714
-0.45024222135543823|-1.3033487796783447
-0.8800346851348877|-1.0731087923049927
-1.893336296081543|-1.712952733039856
1.1797442436218262|0.2916438579559326
-1.5135564804077148|0.9421939849853516
-1.7439758777618408|0.2292795181274414
-1.3928556442260742|-0.7937387228012085
-1.8121683597564697|-0.7550632953643799
-3.699023485183716|-0.2519036531448364
-1.9353103637695312|-0.7011615037918091
0.12211155891418457|-0.561623215675354
-2.494413375854492|-0.6345174312591553
-0.6747574806213379|-1.7780883312225342
-0.3862829804420471|-1.2692402601242065
-2.5636067390441895|0.17399346828460693
-1.0484542846679688|-0.3008075952529907
-0.9091070890426636|-1.666727066040039
-1.1263952255249023|-0.2867544889450073
-1.049112319946289|-3.238405227661133
-1.1499541997909546|-2.470912456512451
-0.38937050104141235|-1.517845630645752
-1.105100154876709|-0.33130979537963867
-0.4947447180747986|-1.845468282699585
-2.597537040710449|-1.743023157119751
-0.00992584228515625|-2.0481820106506348
-0.28181517124176025|-1.1724958419799805
-1.9445456266403198|-1.3792163133621216
-1.2145063877105713|-1.1997109651565552
-1.3546769618988037|-1.9983839988708496
-1.9987523555755615|-1.4978591203689575
0.42766475677490234|-0.4270443320274353
-0.2851107120513916|-1.4049088954925537
-0.9701535105705261|-2.2675089836120605
-1.4423829317092896|-1.143918514251709
-1.0773427486419678|-1.2780816555023193
-1.2004629373550415|-2.497488021850586
-0.10273903608322144|-1.4908301830291748
-0.7186722755432129|-0.19319522380828857
-0.7741949558258057|-0.40983569622039795
-2.4058735370635986|-1.3972128629684448
-2.6328928470611572|-2.361196517944336
-1.2500767707824707|-1.4279019832611084
-0.17427068948745728|0.3170318603515625
-1.6668812036514282|-1.9184883832931519
-0.627444326877594|-2.4165196418762207
-0.6336135864257812|-0.5100609064102173
-1.318385362625122|-0.5927168726921082
-0.7574200630187988|-1.9068477153778076
-1.779388189315796|0.7992457151412964
-1.0275448560714722|-2.131316661834717
-2.100900173187256|-1.646104335784912
-1.0512293577194214|-1.4455479383468628
0.7785525321960449|-1.2945634126663208
-0.21073609590530396|-2.988584518432617
-0.7247638702392578|-0.5323826670646667
-2.581958770751953|-0.918914258480072
0.44237327575683594|-2.600767135620117
-0.6874331831932068|-1.7265528440475464
-0.5345050692558289|-2.5026016235351562
-0.691925585269928|-2.3490359783172607
-1.7773854732513428|-2.413370132446289
-0.6522848606109619|-2.060908317565918
-0.38759589195251465|-0.8738069534301758
1.1521031856536865|-2.6857967376708984
-1.2867738008499146|-2.2747366428375244
-1.6464917659759521|-1.9813523292541504
-1.2895737886428833|-1.3207159042358398
-0.9319581985473633|-1.790942907333374
-0.4325482249259949|-1.096113920211792
-1.0926811695098877|-0.0682254433631897
-0.7424483895301819|0.2723315954208374
-2.398491382598877|-0.8007028102874756
-1.78863525390625|-0.11984401941299438
-1.9095450639724731|-0.9440299272537231
-0.6930227279663086|-0.10576170682907104
-1.466251015663147|-1.7023693323135376
-1.003113031387329|-0.9308172464370728
-0.7648807764053345|-1.2522993087768555
-1.8807008266448975|-0.9383602142333984
-0.3133462071418762|-1.7330479621887207
0.31513452529907227|-0.5618107318878174
-1.4179786443710327|-3.2540037631988525
-1.913792610168457|0.3258240222930908
0.26447761058807373|-1.8739701509475708
-0.9048161506652832|-1.082756519317627
-1.2696603536605835|-1.0692238807678223
-1.0451529026031494|-1.0162795782089233
1.7440474033355713|0.02047586441040039
-1.4591246843338013|-0.38990551233291626
-0.7320495843887329|-0.26306992769241333
-1.1928702592849731|-1.3106244802474976
-1.2694158554077148|-3.5870018005371094
-0.17880266904830933|-1.4430409669876099
-1.4545323848724365|-0.23310136795043945
-0.7499024868011475|-0.2794874310493469
-1.369541049003601|-1.081098198890686
-1.6002286672592163|-2.4232354164123535
-1.1621050834655762|-2.229966163635254
-1.755645513534546|-0.8173590898513794
-1.842104196548462|-0.7576454877853394
-0.8445255756378174|-0.2557334303855896
-0.21572381258010864|-0.5805801153182983
-0.5338634252548218|-1.2688030004501343
0.6020159721374512|-1.2335481643676758
-1.721219539642334|-1.8605763912200928
-1.0178241729736328|-0.04050087928771973
-2.2728312015533447|-2.1204113960266113
-1.2766242027282715|-1.2951654195785522
-1.2198586463928223|-0.7848818302154541
0.4318885803222656|-0.23828500509262085
-3.188901424407959|-1.5444023609161377
-2.314892053604126|-2.0989463329315186
-0.6885908246040344|-1.5544841289520264
-1.9176578521728516|-2.0655059814453125
-0.02850031852722168|-3.2097558975219727
-2.1511435508728027|-0.38121867179870605
-1.1181268692016602|-1.1781251430511475
-3.318532943725586|-0.7673795819282532
-0.8961042761802673|-1.0620344877243042
-0.9227741956710815|0.2388988733291626
-0.5790691375732422|0.0824507474899292
-2.1862900257110596|-0.5066100358963013
-0.2849658727645874|-1.7545446157455444
-2.6954450607299805|-0.25379830598831177
-1.0569196939468384|-1.659801721572876
-1.138076663017273|-0.6305866837501526
-0.9305338859558105|-2.232025146484375
-0.3889726400375366|-1.5203105211257935
-1.0313960313796997|-0.5643685460090637
-1.1257805824279785|-1.2214157581329346
-0.900733232498169|-0.43294697999954224
0.12255525588989258|-2.0526468753814697
-1.4585764408111572|0.5336024761199951
-1.0363657474517822|-1.5615646839141846
-0.8241991996765137|-2.0106544494628906
-0.972313404083252|-2.5107455253601074
-2.1162028312683105|-0.3380165100097656
-0.8616383075714111|-1.426135778427124
-0.7296638488769531|-0.397361695766449
-0.9722789525985718|-1.8548309803009033
-2.3531594276428223|-1.9168384075164795
-2.1398372650146484|-0.12765717506408691
-0.1345207691192627|-1.284451961517334
-1.2249377965927124|-0.7355979084968567
-0.8558793663978577|-1.0119976997375488
-2.1182899475097656|0.15062737464904785
-2.7077832221984863|-1.3659428358078003
-0.08679962158203125|-1.8826415538787842
-1.1796139478683472|-1.1268781423568726
-2.0350751876831055|-2.045342445373535
-0.1652417778968811|-1.4088797569274902
-2.1992058753967285|0.15961766242980957
-2.6927709579467773|-1.0721713304519653
-0.7887265682220459|0.23788976669311523
-2.2800707817077637|-0.2180769443511963
-0.6496986746788025|-2.2078709602355957
-2.8942055702209473|-0.344013512134552
-1.6544547080993652|-1.9189057350158691
-2.859583616256714|-2.1001458168029785
-0.5178040862083435|-2.428159236907959
-0.745980978012085|0.3263050317764282
-1.2367488145828247|-0.19739902019500732
0.5471493005752563|-2.38248872756958
-2.0376250743865967|-1.5337505340576172
-1.6748857498168945|-2.0383684635162354
-1.4465279579162598|-0.09335541725158691
-2.0354514122009277|-0.7068395018577576
-2.4232723712921143|-0.9503416419029236
-0.23932290077209473|-0.24378180503845215
0.05822145938873291|-2.260681629180908
-1.3262670040130615|-0.851601243019104
-1.3801683187484741|-1.3484621047973633
-0.7746233344078064|-1.6570053100585938
-2.097667694091797|-0.8892814517021179
-0.12339925765991211|-2.3388314247131348
-0.5372887849807739|-1.9584152698516846
-1.927952527999878|-2.810045003890991
0.029855012893676758|-0.6994556784629822
-0.36864614486694336|-0.910027027130127
-1.3948510885238647|-1.8737480640411377
-0.9952754974365234|-1.678696870803833
-1.6328119039535522|-1.7179789543151855
-1.36607027053833|-0.8860248923301697
0.3984642028808594|-0.0758063793182373
1.5435776710510254|-1.8484586477279663
-0.2922170162200928|-1.5164841413497925
-1.5590662956237793|-2.886281967163086
1.968569040298462|-0.9077982306480408
-3.0163440704345703|-1.0946979522705078
-0.5761737823486328|-0.9382472038269043
-0.4144356846809387|-1.4795804023742676
-2.619927167892456|-0.4727087616920471
-0.19250518083572388|-1.076095700263977
-0.39623433351516724|-0.7823044657707214
-0.7564351558685303|-0.6625514626502991
-1.4604952335357666|-1.2213386297225952
-0.14342796802520752|-1.6756470203399658
-0.8038520812988281|-0.06375473737716675
-1.124697208404541|-2.0637035369873047
-3.0408246517181396|-1.6412360668182373
-2.8396871089935303|-2.6143290996551514
-1.0596474409103394|-1.8312947750091553
0.1316514015197754|-3.0075008869171143
-2.6995444297790527|-0.4965444803237915
-1.1781833171844482|-0.3534356355667114
-1.091057300567627|-1.6829962730407715
-1.8399367332458496|-2.152709484100342
-0.46447211503982544|-2.251307964324951
-0.03493630886077881|-0.5016889572143555
-0.3496641516685486|0.3620154857635498
-0.8711515665054321|-1.1795198917388916
-0.9609519839286804|-1.6352970600128174
-0.6499123573303223|0.38860762119293213
-1.9482386112213135|-0.8870812654495239
-1.8306350708007812|-0.2998369336128235
-0.6325670480728149|-0.18332433700561523
-0.9998780488967896|-0.9765540957450867
-1.1878786087036133|-3.6553866863250732
-1.0454035997390747|-0.8178831934928894
-1.314947485923767|-0.003924965858459473
-1.422681450843811|-1.020151138305664
0.6883264780044556|-0.7889664769172668
-1.7367630004882812|-0.6129072308540344
-0.5774898529052734|0.2233065366744995
-1.9425559043884277|-0.9382509589195251
0.530289888381958|-0.871133029460907
-1.7012481689453125|0.2587624788284302
-0.554387092590332|-0.875356912612915
-1.6064847707748413|-1.6828691959381104
-0.8474636077880859|-0.2700081467628479
-0.961134672164917|-2.0298261642456055
-1.7958450317382812|-1.2728363275527954
0.15548765659332275|-2.398751974105835
-1.857337474822998|-1.0779169797897339
-1.2664647102355957|-1.99605393409729
0.007915258407592773|-1.6927642822265625
-1.05730140209198|1.9980394840240479
-0.8210188746452332|-1.299646019935608
-0.2985804080963135|-2.566732406616211
-0.6378464102745056|-0.5578283667564392
-2.1898632049560547|-0.28192275762557983
-0.4402833580970764|-1.7434022426605225
-1.898134469985962|-2.5290567874908447
-0.5118034482002258|1.037248134613037
0.42891645431518555|-0.49783629179000854
-1.7886024713516235|-0.6138318777084351
-0.3410905599594116|-1.7589590549468994
-2.144176959991455|-0.6614135503768921
0.45919370651245117|-0.5917365550994873
-1.1871490478515625|-0.6279916763305664
0.3393867015838623|-1.6729576587677002
-2.9753918647766113|0.47772347927093506
-0.8937593698501587|-0.9471754431724548
-0.6415889859199524|-1.3590538501739502
-1.4146955013275146|-1.2627968788146973
-2.8939027786254883|-1.2287781238555908
-0.19017457962036133|-0.30578577518463135
-1.5351923704147339|-1.687035322189331
-1.5031312704086304|-1.4588754177093506
-1.594028115272522|-0.44770127534866333
-2.3020119667053223|0.2570343017578125
-1.936018943786621|-1.5671489238739014
-2.603628158569336|-1.3023148775100708
-2.475172519683838|-0.012616753578186035
-0.5517323017120361|-1.3482838869094849
-1.1598817110061646|-1.5579499006271362
-0.668472170829773|-0.09800124168395996
-1.1437389850616455|-1.500603199005127
-0.5038905143737793|-1.7010072469711304
-0.8208978772163391|-2.382023811340332
0.39899373054504395|-1.217313289642334
-1.8965426683425903|-1.388805866241455
-1.1413133144378662|-2.4767415523529053
-1.508165955543518|-2.472116470336914
-1.2885677814483643|-1.4938157796859741
-2.3762896060943604|-1.0978492498397827
-2.5897207260131836|-0.8687750101089478
1.0167961120605469|-1.8218581676483154
-1.4597805738449097|-1.0895311832427979
0.7677865028381348|-0.3413656949996948
0.015538811683654785|-0.5926739573478699
-0.9829540848731995|-2.8706188201904297
-1.4028143882751465|-0.8305305242538452
-0.5309545993804932|-1.7236207723617554
-1.1568481922149658|-1.691725730895996
-1.7426724433898926|-1.8647441864013672
-2.818621873855591|-1.2273428440093994
-0.6231785416603088|-1.8245632648468018
-0.8950536251068115|-0.967568576335907
-0.17877060174942017|-2.1121678352355957
-2.355475425720215|-1.6626312732696533
0.17638766765594482|-1.4651308059692383
-1.5346916913986206|-0.6543065309524536
-2.0054314136505127|-0.06720328330993652
-1.770975112915039|-0.734610915184021
0.3605111837387085|-0.06099963188171387
-0.4797704219818115|-0.4350554943084717
-0.5733001232147217|-1.9695541858673096
-1.9322421550750732|0.04202890396118164
-1.5850340127944946|-1.2499905824661255
-0.1600843071937561|-1.2082598209381104
-0.3709530830383301|-1.8636234998703003
-1.3797308206558228|-0.9507409930229187
-1.4828110933303833|-0.7279722690582275
-0.08981853723526001|-2.0082509517669678
-0.9410627484321594|-0.18641406297683716
-1.758704662322998|-0.5226618647575378
-0.6092464923858643|-0.5459043979644775
-1.5067009925842285|-2.058137893676758
-1.7833080291748047|0.24225544929504395
-1.1670571565628052|-0.8181164264678955
-0.2830396890640259|-1.352152705192566
-1.9109989404678345|-0.8659592866897583
0.0975184440612793|-1.1565310955047607
-0.6932229995727539|-1.9387104511260986
-1.7891132831573486|0.013982176780700684
-1.1695895195007324|-0.45850157737731934
-0.6503248810768127|-1.5371042490005493
-0.08663207292556763|-0.4426359534263611
-1.0412461757659912|-3.1027019023895264
-1.444759726524353|0.3831421136856079
0.4457324743270874|-1.6233136653900146
-0.05410480499267578|-0.14756768941879272
0.060073018074035645|-1.8725287914276123
-1.9587547779083252|-1.2743964195251465
0.22632193565368652|-0.5967230796813965
-2.3361406326293945|-2.115841865539551
-2.3613076210021973|-0.438478946685791
-0.27716225385665894|-2.0773820877075195
-0.3162994384765625|0.38975393772125244
-1.570056438446045|-0.5715267658233643
-0.19224441051483154|0.1256730556488037
-1.0528265237808228|-0.36580348014831543
-2.197350263595581|-1.0104527473449707
-2.08927059173584|-1.4411863088607788
-1.3659238815307617|-1.8937461376190186
-0.5303747057914734|-1.5970900058746338
0.1071772575378418|-1.4821572303771973
-0.2631409168243408|-2.4518818855285645
-2.8068881034851074|-1.0375690460205078
-0.421628475189209|-1.896056056022644
-0.8171324729919434|-1.3103173971176147
-1.2188535928726196|-1.188944697380066
-3.0542514324188232|-1.059330701828003
-1.1481382846832275|-1.3627915382385254
0.10374903678894043|-2.826263427734375
-1.4607346057891846|-0.7288186550140381
-1.3329018354415894|-1.2681422233581543
-3.142637014389038|-0.06514650583267212
-0.45957767963409424|-1.0230518579483032
-1.563652515411377|-2.8314757347106934
-1.0177518129348755|-0.7796862125396729
-0.9504047632217407|-1.0960251092910767
-3.8682005405426025|-0.9874757528305054
-1.7200500965118408|-1.0130445957183838
-1.2683618068695068|-0.677750825881958
-1.095944881439209|-2.260422468185425
0.08793318271636963|-0.9580066800117493
-1.432430624961853|-0.07829099893569946
-0.3036891222000122|-0.7755895853042603
-0.6508113741874695|-0.7698355913162231
-1.0040409564971924|-0.9229321479797363
-0.20658087730407715|-0.6190809011459351
-0.6936280727386475|-0.5380100011825562
-1.6492953300476074|-0.48667603731155396
-0.618733286857605|-0.5146382451057434
-0.6797318458557129|-1.1999365091323853
-1.9902985095977783|-0.5938636660575867
-1.4413995742797852|-1.0568526983261108
-1.9426606893539429|-1.1136643886566162
-0.6764904260635376|-2.116555690765381
-0.7960382699966431|-1.4090906381607056
-1.1641919612884521|0.08710646629333496
1.0189518928527832|-0.12995296716690063
-1.516685128211975|-0.8338634371757507
-1.5182117223739624|-2.418259620666504
-1.6488348245620728|-1.7830489873886108
-0.3982975482940674|-1.378614902496338
-1.7684087753295898|-1.0732454061508179
-0.6501014232635498|-0.042765259742736816
-0.804419994354248|-0.9687464237213135
-0.005169987678527832|-2.310635566711426
0.04624342918395996|-0.07025432586669922
-1.6667165756225586|-1.1905128955841064
0.08095800876617432|-0.9930154085159302
-1.0636483430862427|0.23430299758911133
-0.40791648626327515|-0.6463143229484558
-1.29225754737854|-0.4675973653793335
-1.1673532724380493|-0.36959099769592285
-0.673159122467041|-0.5296906232833862
0.23041391372680664|-0.697199285030365
-0.4036170244216919|-2.0165903568267822
-0.8306122422218323|-0.6070266366004944
-1.7751491069793701|-1.6718542575836182
-2.0394978523254395|-0.7029060125350952
-0.47184455394744873|-0.04104185104370117
1.135371208190918|0.47231078147888184
-1.019059181213379|-1.290708065032959
-0.7697913646697998|-1.3736590147018433
-1.8488743305206299|-0.07986581325531006
-0.5661905407905579|-1.6957154273986816
-2.391995668411255|-1.320497989654541
-1.495529294013977|-1.3114559650421143
-1.2115025520324707|0.13657987117767334
-2.0628018379211426|-1.9435975551605225
0.5810037851333618|0.030275344848632812
-1.2437562942504883|-0.20387983322143555
-0.12347286939620972|-1.5357950925827026
-0.7286423444747925|-0.6761972904205322
0.7150124311447144|-0.15217912197113037
-1.8395068645477295|1.2288646697998047
-2.184626817703247|-0.7746189832687378
-1.238616943359375|-2.17626953125
-0.9252764582633972|-1.670026183128357
-0.10903561115264893|-0.4520918130874634
-0.27338892221450806|-1.0321147441864014
-0.7350050806999207|-1.0115264654159546
0.2854127883911133|-1.6665456295013428
-0.730481743812561|0.6327022314071655
0.14644992351531982|-1.8576606512069702
-1.8709156513214111|-0.8672839403152466
-3.867263078689575|0.48589372634887695
-0.6257001161575317|0.02237546443939209
-0.8348331451416016|-1.1525073051452637
-2.2537317276000977|-1.4947911500930786
0.22611069679260254|-0.9664982557296753
-0.4300472140312195|-0.9785268902778625
-0.7300608158111572|-0.8072607517242432
-0.5299118161201477|-0.8206903338432312
-2.432124614715576|-0.6921039819717407
0.3169384002685547|-1.5052554607391357
-1.327237606048584|-0.8063235878944397
0.1275167465209961|-0.8558477163314819
-2.4489645957946777|-0.3375769853591919
-1.5543262958526611|-0.9982322454452515
-1.9584332704544067|0.39520299434661865
-0.7763479948043823|-0.3693486452102661
-1.233241319656372|-1.0109792947769165
-1.0738530158996582|-1.1573981046676636
-0.11085236072540283|-3.175060749053955
-1.697730541229248|-2.629434108734131
0.5276421308517456|-1.4256811141967773
-1.3798422813415527|-1.9480814933776855
-2.062185764312744|-0.9182832837104797
-0.038205862045288086|-2.0508275032043457
-1.623718500137329|-0.2698652148246765
-0.03265202045440674|-0.5067867636680603
-1.1739192008972168|-1.3133457899093628
-0.49270522594451904|-2.145223617553711
-0.5031217336654663|-2.0784826278686523
-2.312551498413086|-0.3042104244232178
-0.06355392932891846|-1.2916419506072998
0.3844149112701416|-0.9629043340682983
-2.58148193359375|-1.1927223205566406
0.7020527124404907|-1.8308513164520264
-1.225844144821167|-0.39987611770629883
-1.113245964050293|-2.241046190261841
-0.2364492416381836|-0.6570824384689331
-2.4999022483825684|-3.7106711864471436
-1.7062636613845825|-1.3017332553863525
-0.8966052532196045|-1.7547650337219238
-1.5815527439117432|-1.1939640045166016
-2.115644931793213|-1.4835747480392456
-0.9725003838539124|0.05953359603881836
-0.5094549059867859|-0.6467071771621704
-1.3040485382080078|-1.2482542991638184
-1.2565851211547852|-3.4026522636413574
-1.3372373580932617|-1.0913442373275757
-0.48615193367004395|-1.647013545036316
-0.5949752330780029|0.27655184268951416
-0.6311806440353394|-0.8332854509353638
-1.412744164466858|-0.05944979190826416
-1.5935263633728027|-1.906717300415039
-0.31905436515808105|-0.6412075757980347
-1.8676174879074097|-0.333293080329895
-0.4201298952102661|-2.864525318145752
-0.76810622215271|0.22081708908081055
-2.0628623962402344|-1.2894725799560547
-0.5911614298820496|-0.7408933639526367
-1.5340862274169922|-0.3636467456817627
-1.3430789709091187|-1.4780772924423218
-2.1684155464172363|-1.5688238143920898
-2.5102028846740723|-2.459380865097046
-0.9009120464324951|-1.4535150527954102
-1.5002052783966064|-1.3642182350158691
-0.4280455708503723|-0.6253623962402344
-1.0291402339935303|-0.8078694939613342
-2.3503072261810303|-0.4003105163574219
-0.42891985177993774|-1.2577643394470215
-1.4292068481445312|-0.3833578824996948
-0.5586176514625549|-0.15827178955078125
-1.3609983921051025|-0.34892213344573975
-1.135472059249878|-0.5101184844970703
-2.244616985321045|-2.478931188583374
-1.5144898891448975|-0.9111875891685486
-2.1463420391082764|0.367576003074646
-1.3955967426300049|-0.1896701455116272
-0.5151764154434204|-1.8712420463562012
-1.8850271701812744|-1.218517541885376
-1.264524221420288|-0.9492389559745789
0.7500095367431641|-0.15162646770477295
-1.1641504764556885|-3.098245859146118
-1.0587022304534912|-1.11802077293396
-1.7895989418029785|-0.7350168228149414
-1.0172348022460938|0.08202409744262695
-1.2704087495803833|-1.5479586124420166
-1.2863116264343262|0.18920516967773438
0.4733009338378906|-1.8334705829620361
-0.8277634978294373|-1.3646481037139893
0.6751601696014404|-0.9274465441703796
-0.767105221748352|-0.9333411455154419
0.39169013500213623|-0.39043939113616943
-1.5343446731567383|-0.3418121933937073
-2.5914230346679688|-1.496624231338501
0.29177677631378174|0.056517601013183594
-1.3454115390777588|-1.3159631490707397
-0.25995343923568726|0.41873931884765625
0.2933204174041748|-0.7483177185058594
-1.3625035285949707|-1.0630316734313965
-1.1599535942077637|-1.1726148128509521
-2.9414443969726562|-1.1035877466201782
-0.8793032169342041|-3.4037539958953857
-2.018649101257324|-2.5524656772613525
-0.2007993459701538|-2.0706300735473633
-0.38027286529541016|-1.7117972373962402
-1.1912102699279785|-1.585317850112915
-0.9983977675437927|1.029449224472046
-2.5426321029663086|-1.6206421852111816
-1.017432451248169|-1.2688714265823364
-0.1323261857032776|0.5388882160186768
-0.42175644636154175|-2.010828971862793
-2.3228073120117188|-1.6320195198059082
-1.0253397226333618|-1.0600694417953491
-0.8574584126472473|0.5068871974945068
-0.13576620817184448|-0.390241801738739
-0.8237873911857605|-0.5102527141571045
-0.367093563079834|-2.1659839153289795
-0.07868945598602295|-0.06320977210998535
-1.6624855995178223|-0.17909157276153564
-0.3730667233467102|-2.0723328590393066
-1.6986994743347168|0.5180443525314331
0.11032450199127197|-0.608527421951294
-0.10009711980819702|-1.925918698310852
-1.0735834836959839|-1.1737332344055176
-1.1092023849487305|0.6945458650588989
-1.828014850616455|-1.1255720853805542
0.8142691850662231|-1.8098689317703247
-0.7116824388504028|-2.0459582805633545
-1.8985763788223267|-0.8983837366104126
-1.1043915748596191|-1.0982017517089844
-0.2804238796234131|-1.390573263168335
-0.6484655141830444|-0.3386557102203369
-0.26325589418411255|-2.128256320953369
-2.482215404510498|-0.11145544052124023
-3.250491142272949|0.09369194507598877
-0.3662719130516052|-1.5405898094177246
-0.5319957733154297|-0.5837544202804565
0.1822190284729004|-1.108080267906189
-0.6761516332626343|-0.5987017154693604
-0.6159228086471558|-0.24003779888153076
-0.6401073932647705|-1.0116263628005981
-0.9826254844665527|-1.1226125955581665
-0.885783314704895|-1.1887500286102295
-1.8830760717391968|-1.2107387781143188
-0.06511449813842773|-1.3927748203277588
-1.2490102052688599|-0.8526781797409058
-0.6541383266448975|-0.2795535922050476
-0.4432421922683716|-1.4463950395584106
-0.08245676755905151|-2.6936933994293213
-1.542987585067749|-0.4927098751068115
-1.2624589204788208|-1.3813296556472778
-2.5583908557891846|-0.5365076661109924
-1.7719130516052246|-0.6678309440612793
-1.1470247507095337|-0.7743333578109741
-1.8752896785736084|0.05859076976776123
0.4720640182495117|-1.1934564113616943
-0.7110626697540283|-1.5119190216064453
-1.7677714824676514|0.2384856939315796
-1.5350971221923828|-0.7691207528114319
0.5114935636520386|-2.7288599014282227
-0.5154550671577454|-2.380647659301758
-1.0219314098358154|-2.3071231842041016
-1.9708333015441895|-0.5400003790855408
-0.8373235464096069|-2.3038530349731445
-2.2934489250183105|-1.4768762588500977
-0.8302716612815857|-1.5954502820968628
-1.3437117338180542|-0.8523299694061279
-0.4091755747795105|-0.5881644487380981
-0.9764914512634277|-1.3351176977157593
-1.1704938411712646|-0.9531323909759521
-0.689216136932373|-1.816278338432312
0.45650720596313477|-2.2027242183685303
-2.2586922645568848|-0.9690911173820496
-0.7326298952102661|-2.2123870849609375
-1.5272107124328613|0.22050392627716064
-1.068212866783142|-0.851064920425415
-1.0205459594726562|-0.6627927422523499
-0.051961660385131836|-1.1516324281692505
0.1469327211380005|-0.9556533098220825
-0.28966790437698364|-1.1249312162399292
0.4989473819732666|-0.484555721282959
0.05327105522155762|-1.3394389152526855
-2.3870716094970703|-0.8510493636131287
-1.435873031616211|-2.609206199645996
0.9951105117797852|-1.3227155208587646
-2.2732348442077637|-1.6029059886932373
0.0947272777557373|-0.9092676639556885
0.4638575315475464|-0.94659423828125
-0.13758116960525513|-0.7140626311302185
0.1720341444015503|-0.4619905948638916
-1.2753610610961914|-1.6997716426849365
-0.16202586889266968|-0.8158426880836487
-2.5501914024353027|-0.8256245851516724
-3.525867462158203|0.1986764669418335
-0.7513916492462158|0.38735735416412354
-0.32751691341400146|-1.2248579263687134
0.9935510158538818|0.3157590627670288
-1.563765525817871|0.0691291093826294
-2.201801300048828|-2.355797290802002
-1.312225103378296|-1.9181509017944336
-0.3635026216506958|-1.41755211353302
0.17938590049743652|0.2620809078216553
-3.0988171100616455|-0.03980100154876709
-2.9570279121398926|-0.044954657554626465
-0.4557642340660095|-2.566011667251587
-1.3518357276916504|-0.7539225816726685
-1.0946526527404785|-1.5862555503845215
-1.4227502346038818|-0.13454264402389526
0.961193323135376|-0.06618297100067139
-0.347067654132843|0.13851356506347656
-1.6161311864852905|-2.5213842391967773
0.5311832427978516|-0.8086774349212646
-1.6507606506347656|-2.04504656791687
-1.6416783332824707|-0.8141289353370667
-1.1631441116333008|-0.4181283116340637
-0.7824583649635315|-1.8733930587768555
-0.2635408043861389|-2.198906898498535
-1.529592752456665|0.2896674871444702
-1.6799641847610474|0.6980330944061279
-0.9414124488830566|-0.15508675575256348
1.4011332988739014|-0.9470559358596802
-2.0216541290283203|-0.49368536472320557
0.2662210464477539|0.8196005821228027
-1.4294304847717285|-0.6153287887573242
-2.394306182861328|-1.6807814836502075
-0.9032579660415649|-1.4403200149536133
0.011041522026062012|-1.5336946249008179
-1.2339860200881958|-1.4036784172058105
-2.4900293350219727|-0.6790865659713745
-1.0882066488265991|-1.341909646987915
0.34867215156555176|-1.6650793552398682
-0.48293572664260864|-0.3974299430847168
-1.8212721347808838|-1.669952154159546
-1.3984308242797852|-2.3122358322143555
0.16226041316986084|-1.2551546096801758
-0.7155756950378418|-1.3175567388534546
-0.28714680671691895|-1.519901156425476
-0.984311044216156|0.42143714427948
-3.4505417346954346|-0.14596843719482422
-1.0062267780303955|-1.7732908725738525
-1.4933762550354004|-2.4230761528015137
-0.7620841860771179|-0.12960416078567505
-2.149754285812378|-0.25023353099823
-0.3857019543647766|0.3274402618408203
-0.5233213901519775|-2.0230610370635986
-0.7815743684768677|0.5212221145629883
0.21027708053588867|0.7043459415435791
-0.8594117760658264|-0.389285683631897
1.2024931907653809|-0.6205148696899414
-1.7821574211120605|-0.0709996223449707
-1.8957836627960205|0.425722599029541
-0.4122498631477356|-1.6277414560317993
-2.0360774993896484|-0.49842411279678345
-1.991646647453308|-0.8182156085968018
-2.654582977294922|0.5057464838027954
1.0927202701568604|0.668002724647522
0.3040771484375|1.1721713542938232
-1.853031873703003|-1.3906997442245483
-1.8105995655059814|-0.7564073801040649
-1.806851863861084|-1.0558090209960938
-1.1263740062713623|-0.6712252497673035
0.20281624794006348|-1.4762085676193237
-0.6037814617156982|-1.2023279666900635
0.021498799324035645|-1.6091420650482178
-0.4395085573196411|0.6934475898742676
0.09207987785339355|0.5420868396759033
-1.160895586013794|-0.48461657762527466
0.0204695463180542|0.25883162021636963
-0.9054079055786133|-1.0293340682983398
-0.030231952667236328|-0.9980336427688599
-2.5926108360290527|-1.0701876878738403
-0.940575897693634|-1.0843784809112549
-1.5620472431182861|-1.9692775011062622
-1.1199543476104736|-2.1921634674072266
-1.3932578563690186|-1.2189245223999023
-1.3069417476654053|0.8081917762756348
-0.8466106653213501|-0.6069217324256897
-1.3160070180892944|-1.516185998916626
-0.8809448480606079|-1.4676344394683838
-0.8516484498977661|-1.5085704326629639
-1.6242945194244385|-1.54715096950531
-1.7326633930206299|-1.902085542678833
-1.537468671798706|-0.8368809819221497
-2.499375343322754|-0.6489580869674683
-1.1075176000595093|-2.2068099975585938
-1.1068994998931885|-0.967312753200531
1.3156630992889404|0.26267755031585693
-0.8385926485061646|-0.8354770541191101
1.3187556266784668|-0.8611140251159668
-0.3685317039489746|0.37375855445861816
0.802686333656311|-0.20979422330856323
-2.0231423377990723|0.15596342086791992
0.5357770919799805|-0.597113847732544
0.6400009393692017|-1.7470576763153076
-0.776875913143158|-0.7192437052726746
-0.9400634765625|-0.41759347915649414
-0.4151393175125122|-0.2515208125114441
-2.842259407043457|-0.9480579495429993
0.6609008312225342|-1.9057437181472778
-1.541321873664856|-0.7092322111129761
0.32775425910949707|0.6775535345077515
-0.5875985622406006|-1.8291327953338623
-2.287668466567993|-1.559169888496399
-0.3112844228744507|-0.33169442415237427
-1.0158956050872803|-1.952625036239624
0.1702195405960083|-3.120159864425659
-0.7350279688835144|-1.0109779834747314
-0.8331981897354126|-0.7313656806945801
-1.4062058925628662|-0.8097013235092163
-0.8515737652778625|-1.3695683479309082
-1.113724946975708|-1.7107760906219482
0.008302450180053711|-1.7190337181091309
-3.1334569454193115|-0.8184674978256226
-2.0120482444763184|0.037589430809020996
-2.2984161376953125|-2.1224374771118164
-0.7655917406082153|-0.23117578029632568
-1.832744836807251|0.13306987285614014
-1.367729663848877|-0.8183332085609436
-0.3621973991394043|-0.7184925079345703
-0.6206172704696655|-1.491636037826538
-1.948840856552124|-1.2574955224990845
-2.576510190963745|-0.6411707401275635
0.4229762554168701|-0.4084540605545044
-1.7841209173202515|-0.6501193046569824
-0.22437834739685059|-0.5222627520561218
-1.4458227157592773|-2.7072641849517822
-1.958828091621399|-1.094580888748169
-0.924583375453949|-3.5823559761047363
-0.20123344659805298|-1.1531929969787598
-0.3657342791557312|-0.6850409507751465
-0.8111445307731628|-2.405790328979492
-0.6351851224899292|0.5427627563476562
-2.6808533668518066|-0.7970061302185059
0.03897452354431152|-1.0440196990966797
0.03413200378417969|-1.1908249855041504
-1.269008994102478|-0.7428019046783447
-2.5995736122131348|-1.122400164604187
-1.3216311931610107|0.29846739768981934
-0.5949936509132385|-1.4480936527252197
-0.9508146643638611|-2.008218765258789
-2.854260206222534|-0.5192344784736633
-2.5368127822875977|1.8842437267303467
-2.4156644344329834|-0.951877772808075
-1.5061662197113037|0.38913869857788086
-1.084106683731079|-1.6096258163452148
-2.7572240829467773|-1.5220266580581665
-0.303295373916626|-0.7614248991012573
-1.2166979312896729|-1.277595043182373
-0.984891414642334|-0.829941987991333
0.6243102550506592|-0.43116438388824463
-2.658656597137451|0.04459583759307861
-0.9379565119743347|0.6642794609069824
0.5829415321350098|-0.528806209564209
-1.3860596418380737|-1.8261463642120361
-1.6139862537384033|-1.3091471195220947
-1.002949833869934|-2.0128164291381836
-1.3921339511871338|-1.006734013557434
-1.4548866748809814|-1.274062991142273
-1.1971619129180908|-3.857252836227417
-0.9300738573074341|0.5487171411514282
-2.5989389419555664|-1.5881245136260986
0.003583192825317383|-1.1533886194229126
-0.9932836890220642|-3.0584542751312256
-2.950007915496826|-0.976282000541687
-2.280238151550293|-0.010408997535705566
-1.9787416458129883|-1.1928290128707886
-0.380220890045166|-0.10228735208511353
-0.14745336771011353|-0.9106492400169373
1.0467889308929443|-0.034229397773742676
-0.2903602719306946|0.22273850440979004
-1.4059995412826538|-1.0077548027038574
-2.310458183288574|-0.6953414082527161
-1.9168716669082642|-0.09969699382781982
-1.3752219676971436|-1.7441015243530273
-0.4111568331718445|-1.4714114665985107
-0.9344390630722046|-1.3433289527893066
-1.66657555103302|-1.831549882888794
0.7721301317214966|-1.6989176273345947
-1.1150766611099243|-1.0733013153076172
-0.52131187915802|-0.8141279220581055
-1.3122026920318604|-1.329574704170227
-3.0724899768829346|-2.1693735122680664
-0.037931084632873535|-0.5739716291427612
-0.6528069376945496|-0.715488076210022
-1.4387450218200684|-2.6145238876342773
-2.1401963233947754|-1.895338535308838
0.5815353393554688|-2.0332183837890625
-1.4244613647460938|-2.069898843765259
-1.190705418586731|-2.9938244819641113
-0.5141518712043762|-2.39629864692688
-1.2644286155700684|-2.0099363327026367
-2.583871603012085|-1.9289143085479736
-0.6584920883178711|0.051310181617736816
-0.18009203672409058|-1.9217381477355957
-2.732741355895996|-1.1947060823440552
-0.7572984099388123|-1.8820374011993408
-0.4863740801811218|-0.19613730907440186
-0.11435055732727051|-0.5898554921150208
-1.3939688205718994|-1.2137372493743896
-1.0014232397079468|-0.9056630730628967
1.0069680213928223|-1.813903570175171
-1.146044135093689|-2.077127456665039
0.06330788135528564|-1.8895411491394043
-1.2373332977294922|0.4453589916229248
-0.9687994122505188|-1.682763695716858
-1.420248031616211|-1.2678167819976807
0.3197847604751587|-0.6775078177452087
-1.530594825744629|0.052013278007507324
-2.3134093284606934|-1.5826544761657715
-2.82084321975708|0.3241194486618042
-1.245145320892334|0.711139440536499
-1.6635361909866333|-0.646396815776825
-1.6129499673843384|-1.3264895677566528
-1.8566439151763916|-0.97123122215271
-2.035006046295166|-0.18173456192016602
-0.6117671728134155|-2.2954492568969727
-0.6619695425033569|-1.7380419969558716
-1.8918263912200928|-1.670432686805725
-0.539997398853302|-0.09464854001998901
0.3784036636352539|-1.0959292650222778
-0.004965424537658691|-1.3227267265319824
-1.091926097869873|-1.2474877834320068
-1.9333672523498535|-0.48249852657318115
0.330161452293396|-2.762739419937134
-1.0472921133041382|-1.6956911087036133
-1.56927490234375|-0.8344380855560303
-1.7419853210449219|-2.5117430686950684
-0.5390373468399048|-1.4504108428955078
-1.3174281120300293|-0.19926011562347412
-0.6962984204292297|-3.12577748298645
-0.9234840869903564|-1.1055243015289307
-1.8485138416290283|-1.5518333911895752
0.06143820285797119|-1.911264181137085
-1.6779253482818604|-0.44323617219924927
-3.1471498012542725|-1.1324076652526855
0.09689939022064209|-1.3967986106872559
-1.2515615224838257|-1.4177165031433105
-0.013646960258483887|-2.429309844970703
-0.8503701686859131|-0.26305466890335083
-2.792633056640625|-0.9779106378555298
-1.3957425355911255|-2.844452381134033
-1.379198670387268|0.2971454858779907
-2.48508882522583|-0.6473556160926819
-1.9218254089355469|-2.991767644882202
-3.22225022315979|-0.2530248165130615
1.0784380435943604|-1.2420004606246948
-1.0477756261825562|-0.7522996068000793
-2.2436728477478027|-0.3190215826034546
-1.2699564695358276|-2.3997035026550293
-1.8857076168060303|-1.9295474290847778
0.14646470546722412|-0.8412201404571533
-1.6180100440979004|-0.17549419403076172
-0.21439963579177856|0.43525469303131104
-0.5028303861618042|-1.3397517204284668
-0.539359986782074|-2.039989471435547
-2.758957862854004|-1.2057815790176392
-2.4301462173461914|-0.6291515827178955
-1.2313957214355469|-2.021629571914673
-1.683483362197876|-1.4011447429656982
-1.5866148471832275|-0.8576654195785522
-1.494835615158081|-0.42830073833465576
-3.198765516281128|-0.29968327283859253
0.7073285579681396|-0.002724885940551758
-0.7138955593109131|-1.634359359741211
-2.4610671997070312|-1.662719964981079
-1.1414620876312256|-0.8769529461860657
-1.4179339408874512|-1.6623222827911377
1.4878616333007812|-3.8506951332092285
0.26911962032318115|-1.656829833984375
-1.788089632987976|-0.6172372698783875
-2.740675687789917|-1.3676667213439941
-0.21223318576812744|-2.6244430541992188
-2.63482666015625|-1.7580716609954834
-0.7323827743530273|-0.259210467338562
-1.8043938875198364|0.16311979293823242
-0.195001482963562|-0.7409247159957886
-1.6239923238754272|-0.40151500701904297
-0.19631147384643555|-2.084012269973755
-0.8233221769332886|-1.9621269702911377
0.6042624711990356|-2.4000444412231445
-0.10304701328277588|-1.7875781059265137
-2.167048692703247|-2.3737072944641113
0.8012317419052124|-0.3555954098701477
-1.9380736351013184|-0.9711601734161377
-2.1285738945007324|-1.2343007326126099
-1.4893136024475098|-0.11247444152832031
-0.027342915534973145|-0.5834917426109314
-0.263378381729126|0.3492264747619629
-0.1143186092376709|-2.595972776412964
-0.3069803714752197|-3.477749824523926
0.07150113582611084|-0.9295682907104492
-1.1833608150482178|-0.22515469789505005
-2.4818949699401855|-1.206770896911621
-2.0771596431732178|1.3901746273040771
-0.5212516784667969|-1.8420779705047607
-1.19937264919281|-1.4899835586547852
0.490085244178772|0.5330661535263062
-2.0969486236572266|0.7319222688674927
-2.0565454959869385|0.3761864900588989
-1.5379202365875244|-0.932763397693634
0.4121265411376953|-2.341547727584839
0.6981496810913086|-2.4584460258483887
-1.2887452840805054|-1.7600008249282837
-2.0165340900421143|0.4264479875564575
-0.5559731125831604|-1.2918016910552979
0.5301986932754517|-1.4446219205856323
-2.1536972522735596|0.4639962911605835
0.2521798610687256|-2.2425098419189453
-1.5026800632476807|-1.4693516492843628
-1.7338359355926514|-0.5979809761047363
-0.9409651756286621|-1.3042782545089722
0.015359163284301758|0.24481654167175293
-0.10573261976242065|-0.8928176164627075
-1.5968365669250488|0.11722350120544434
-1.7014880180358887|0.3700333833694458
-2.3154702186584473|0.09920156002044678
-0.2292240858078003|-0.7333283424377441
-1.0718613862991333|-0.5202415585517883
0.5902177095413208|-2.0268940925598145
-0.7679706811904907|0.6567007303237915
-2.5208139419555664|-1.3142982721328735
-0.33586400747299194|-0.8055762052536011
-1.6301770210266113|-1.2923461198806763
-1.4179461002349854|-0.9184431433677673
-0.05358779430389404|-1.4981861114501953
-0.8607984185218811|-0.46575403213500977
-2.418696403503418|-1.1215145587921143
-0.4170073866844177|-2.099910259246826
-1.2362401485443115|-2.36950945854187
0.10677707195281982|-0.043427228927612305
-1.0628656148910522|-0.9737831354141235
-0.8822452425956726|-0.5718483924865723
-0.33123302459716797|-2.073323965072632
-2.01407790184021|-0.2670043110847473
-1.0133553743362427|-0.5932884812355042
-0.34134721755981445|-1.724884033203125
-0.60691237449646|-1.478623867034912
-1.148354411125183|-1.4801738262176514
-0.6466490030288696|-1.235274314880371
-0.9024348855018616|-0.579430103302002
-1.386770486831665|-0.7914568185806274
-1.1194932460784912|-1.707474708557129
-0.33176010847091675|-1.0291088819503784
-0.2094806432723999|-0.8700553774833679
0.473797082901001|1.2632834911346436
0.8164689540863037|-1.8977786302566528
-1.3494828939437866|-0.8993503451347351
-0.49790728092193604|-0.49519145488739014
-1.7185554504394531|-1.051944375038147
1.275085687637329|-0.7194454669952393
0.5089595317840576|-1.0467170476913452
-1.0201894044876099|-0.7211533784866333
-0.3936197757720947|0.7565319538116455
-1.195186972618103|-1.6819462776184082
-1.0951470136642456|-1.4391822814941406
-0.15105658769607544|-0.37259387969970703
0.48018598556518555|-0.2901357412338257
0.32656359672546387|0.9972131252288818
-0.9573987126350403|0.1795353889465332
-1.0040547847747803|-1.367688775062561
-1.9848829507827759|-3.465963363647461
-1.6929900646209717|-1.8953871726989746
-1.2743514776229858|-1.3407070636749268
-1.2552459239959717|-2.7418088912963867
-1.388168454170227|-1.2720707654953003
-0.335033118724823|-0.6517201066017151
-3.093341588973999|-0.0032330751419067383
-0.327553927898407|-1.6342507600784302
0.5571470260620117|-0.2384844422340393
0.5627520084381104|0.0016890764236450195
-0.986029863357544|-2.1878437995910645
-0.7021757364273071|-1.4287207126617432
-1.545689344406128|1.408691644668579
0.4810967445373535|-2.22172212600708
-2.271714210510254|-0.8020246624946594
-1.6517492532730103|-0.47657519578933716
-0.6294493675231934|0.39343738555908203
-1.3353297710418701|-1.2415565252304077
0.3131289482116699|-1.0405086278915405
-0.5298892855644226|-0.17149412631988525
-0.25435036420822144|-1.2622205018997192
-1.7413209676742554|-1.4549171924591064
-0.2951129674911499|-1.0706002712249756
0.4426734447479248|-2.2938780784606934
-2.0356223583221436|-0.9987432956695557
-1.2046782970428467|-2.074881076812744
0.0547405481338501|-0.5031744837760925
-1.3513150215148926|-2.1266098022460938
0.09476280212402344|-0.16926860809326172
-0.4930906891822815|-1.0202126502990723
-1.3288161754608154|-1.1256284713745117
-0.8112527132034302|-0.4310847520828247
0.5472126007080078|-0.25264590978622437
-1.0009396076202393|-0.43194830417633057
-0.49577486515045166|-0.28742820024490356
-0.8567216396331787|0.4418158531188965
-2.07914400100708|-0.2896495461463928
-1.6545627117156982|-1.0850847959518433
-1.3202024698257446|-0.6877210140228271
-1.5919303894042969|-1.784647822380066
-3.278534412384033|-0.7558506727218628
-1.1187113523483276|-2.2160286903381348
-1.3030894994735718|-2.2762489318847656
-0.4158394932746887|-1.0712006092071533
-0.22164678573608398|-2.722075939178467
-1.0115463733673096|-0.796795666217804
-1.9810378551483154|-2.0387635231018066
0.46998703479766846|-2.492948055267334
-0.9665960669517517|-0.46127253770828247
-0.6245749592781067|0.36769747734069824
-1.2530781030654907|-0.34120315313339233
-3.447695255279541|-0.5746374726295471
-0.24538427591323853|0.3458247184753418
0.004159450531005859|-1.411659836769104
-1.460457444190979|-2.050690174102783
-0.2052685022354126|-1.1040198802947998
-0.25627434253692627|-0.396609902381897
-3.038980007171631|-0.4464520812034607
-1.2435141801834106|-1.7800216674804688
-0.09979432821273804|-1.4286820888519287
-0.534981369972229|-0.5420183539390564
-1.7466546297073364|-0.8197011947631836
-0.8719438910484314|-0.652246356010437
0.9274849891662598|-1.404139757156372
-0.26797717809677124|-1.0904980897903442
0.737116813659668|-0.8780159950256348
-0.17003703117370605|-1.2102339267730713
-0.03692424297332764|-0.21924519538879395
-0.802600085735321|-2.0100464820861816
-0.5030222535133362|-1.0935750007629395
-1.5651929378509521|-0.2577536106109619
-2.1217265129089355|-1.5145037174224854
0.08299386501312256|-1.9952447414398193
-0.5534564256668091|-1.4394893646240234
-1.1403220891952515|-2.330690860748291
-1.3353115320205688|-1.4510395526885986
-0.568261981010437|-1.2306408882141113
-0.37205958366394043|-0.8345918655395508
-0.4771055579185486|-1.3840246200561523
-1.3156239986419678|0.22624826431274414
-0.9580070972442627|-0.25139927864074707
-0.26929378509521484|0.09345817565917969
-0.5760294198989868|-0.8895680904388428
0.22364652156829834|-1.1572240591049194
-0.5974600315093994|-1.2726993560791016
0.609207034111023|-1.3287886381149292
-0.6930092573165894|-0.5144593715667725
-1.7300773859024048|-1.2274874448776245
-2.2452034950256348|-0.8868378400802612
-1.1983882188796997|-2.655561923980713
-1.5981979370117188|0.03621077537536621
0.7449655532836914|-1.2828876972198486
-1.3447701930999756|-1.5882537364959717
-1.5661280155181885|-0.9556840658187866
-0.6303938627243042|-1.3129620552062988
-0.850294291973114|-0.7898329496383667
-0.19242167472839355|-0.7936421632766724
0.4547886848449707|-1.440062403678894
-1.7377575635910034|-1.178544044494629
0.16764068603515625|-1.7520689964294434
-1.0448145866394043|-0.2620432376861572
-1.3693604469299316|-1.8908861875534058
-0.3265213966369629|-0.9219858646392822
-0.18160229921340942|0.30767762660980225
-1.283117413520813|-2.0432746410369873
0.14235901832580566|-1.3374515771865845
-0.7817267775535583|-0.6119198799133301
-2.1515300273895264|0.3220851421356201
0.04844772815704346|-1.241296410560608
-1.1876068115234375|-1.5377720594406128
-2.9463682174682617|-0.35469597578048706
-3.4041926860809326|-2.435377597808838
-0.6536107659339905|-1.101708173751831
-0.4909972548484802|-1.0827592611312866
-0.6624045372009277|-0.07608848810195923
-2.3777310848236084|-0.2755886912345886
-0.5659373998641968|-0.9411337971687317
0.09493112564086914|0.5464686155319214
-1.092258334159851|-1.831939697265625
-1.4822804927825928|0.422666072845459
0.5808925628662109|-2.6321725845336914
-2.618948221206665|0.6301883459091187
-1.3248345851898193|-1.2150777578353882
-1.2430797815322876|-1.3314350843429565
-0.7367203235626221|-0.42395544052124023
-2.804460048675537|-1.7708001136779785
-1.3647947311401367|-1.0073344707489014
-0.8462429642677307|1.0545899868011475
-0.791717529296875|-1.692152500152588
-1.347380518913269|-2.2043309211730957
-2.3465771675109863|-1.9690775871276855
-2.6474967002868652|-1.626726746559143
-1.583724021911621|-0.7931581139564514
-0.592236340045929|-0.8087574243545532
-1.7859466075897217|-1.7032865285873413
-0.7763959169387817|-0.5337070822715759
-0.9353398680686951|-2.023876190185547
-2.6157712936401367|-0.2953488230705261
-1.2225207090377808|-1.3262839317321777
-1.2986416816711426|-0.9670414328575134
-0.6653332114219666|2.0142858028411865
-1.590962529182434|0.6065099239349365
-1.4027867317199707|-2.896796226501465
-1.736196517944336|-2.6375415325164795
0.6025209426879883|-2.215385913848877
0.2978910207748413|-0.9785752296447754
-0.9108259677886963|-0.3684449791908264
-0.8637851476669312|-0.5187885761260986
-0.7804205417633057|0.09563171863555908
-1.190096139907837|-1.1409685611724854
-0.7220704555511475|0.06206786632537842
0.031052231788635254|-0.8602315783500671
0.4096238613128662|-0.7358105182647705
-1.720287561416626|-1.3192014694213867
-0.2430402636528015|-0.4172724485397339
-1.3069425821304321|-0.6296510696411133
-1.6574978828430176|1.245459794998169
-0.26352834701538086|-0.5539035797119141
-1.7506648302078247|-0.3538506031036377
-1.5662553310394287|-2.2834763526916504
-2.523092269897461|-0.7504545450210571
-2.8024091720581055|-3.188256025314331
-0.5821899771690369|-0.5287593603134155
-1.530357837677002|-1.4459142684936523
-0.7713701725006104|0.05810701847076416
-2.6936769485473633|-0.4707345962524414
0.2994556427001953|-1.0138318538665771
-0.7114485502243042|-1.420401692390442
-3.1801037788391113|-2.2041501998901367
-0.32850801944732666|-1.6856637001037598
-2.2181930541992188|-0.1338689923286438
